종로구,사직동,1111053000,1111010600,10327,10132,10033,10013,9717,9818,9815,9806,9636,9355,9273,yes,경복궁,0
종로구,삼청동,1111054000,1111013900,3367,3268,3174,3118,3097,3073,2997,2909,2739,2642,2457,yes,안국,0
종로구,부암동,1111055000,1111018400,11469,11356,11217,11044,10726,10537,10551,10333,9782,9536,9389,no,-1,-1
종로구,평창동,1111056000,1111018200,19779,19595,19414,19457,19163,19105,18816,18582,18329,17858,17578,no,-1,-1
종로구,무악동,1111057000,1111018700,8626,8445,8619,8516,8375,8260,8740,8592,8297,8052,7991,no,-1,-1
종로구,교남동,1111058000,1111017600,5450,5005,4875,4748,10363,10846,10708,10634,10203,9994,9889,yes,서대문,0
종로구,가회동,1111060000,1111014600,5333,5214,4961,4780,4657,4546,4488,4418,4194,4065,3972,no,-1,-1
종로구,종로1.2.3.4가동,1111061500,1111011900,8797,8920,8786,8727,8592,8462,8446,8448,8595,8700,8492,yes,종각,0
종로구,종로5.6가동,1111063000,1111016000,6245,6069,6057,5775,5690,5597,5839,5656,5476,5817,5899,yes,종로5가,0
종로구,이화동,1111064000,1111016500,9435,9312,9216,8927,8752,8621,8470,8111,7705,7631,7480,no,-1,-1
종로구,창신제1동,1111067000,1111017400,7237,7097,6862,6590,6285,6237,6079,5964,5631,5383,5331,yes,동대문,0
종로구,창신제2동,1111068000,1111017400,11707,11311,11040,10701,10274,10015,9799,9503,9051,8796,8648,yes,동대문,0
종로구,창신제3동,1111069000,1111017400,8310,8091,7933,7753,7526,7439,7271,7107,6733,6606,6520,yes,동대문,0
종로구,숭인제1동,1111070000,1111017500,7563,7348,7232,7109,6865,6723,6532,6388,6106,6057,6114,yes,동묘앞,0
종로구,숭인제2동,1111071000,1111017500,9944,10078,9983,10148,10140,10088,9902,10178,10175,10509,10692,yes,동묘앞,0
종로구,청운효자동,1111051500,1111010100,14696,14472,14354,14111,13606,13293,12981,12633,12177,11818,11489,yes,광화문,0
종로구,혜화동,1111065000,1111013000,19582,19631,20066,20405,20429,20366,20435,19734,18960,19392,19239,yes,혜화,0
중구,소공동,1114052000,1114011100,1766,1895,1869,2596,2787,2936,3059,3011,3367,3578,3401,yes,시청,0
중구,회현동,1114054000,1114011200,6563,6505,6263,6128,5953,5952,5850,5757,5432,5222,5053,yes,서울,0
중구,명동,1114055000,1114010100,4013,3614,3521,3524,3469,3470,3567,3685,3742,3638,3405,yes,을지로입구,0
중구,필동,1114057000,1114013200,4878,5040,5101,5120,4885,5045,5020,4754,4679,4816,4971,yes,동대문역사문화공원,0
중구,장충동,1114058000,1114013600,6296,6079,5903,5845,5648,5653,5628,5468,5301,5326,5462,no,-1,-1
중구,광희동,1114059000,1114013200,6107,5961,5817,6031,5875,6057,6284,6416,6340,6682,7198,yes,동대문역사문화공원,0
중구,을지로동,1114060500,1114015000,2022,1920,1854,1826,1786,1901,2007,1967,1914,1912,3323,yes,을지로3가,0
중구,신당제5동,1114065000,1114016200,10686,10788,10449,10164,9830,9691,10929,10867,10708,10513,10516,yes,신당,0
중구,황학동,1114067000,1114016500,13068,13186,13287,13217,13095,13380,13689,13531,13444,13459,13612,no,-1,-1
중구,중림동,1114068000,1114017100,9944,9562,8979,8902,11575,12980,12942,12801,12351,12338,12494,no,-1,-1
중구,신당동,1114061500,1114016200,8951,8758,9042,9429,9544,9419,9234,9191,9095,9087,8885,yes,신당,0
중구,다산동,1114062500,1114016200,16545,16268,16004,15956,15399,15113,15035,14725,14274,13954,13786,yes,신당,0
중구,약수동,1114063500,1114016200,19267,19160,19002,18796,18400,17973,17734,17354,16889,16610,16342,yes,신당,0
중구,청구동,1114064500,1114016200,15799,15587,15555,15233,14999,14844,14515,14281,13818,13451,13225,yes,신당,0
중구,동화동,1114066500,1114016200,12085,11904,11683,11642,11348,11219,10995,10827,10433,10199,10120,yes,신당,0
용산구,후암동,1117051000,1117010100,20018,19683,19684,19308,18846,18703,18445,18202,17308,16812,16462,no,-1,-1
용산구,용산2가동,1117052000,1117010200,13546,13330,13106,12746,12355,12107,11836,11272,10775,10333,10271,yes,녹사평,0
용산구,남영동,1117053000,1117010400,8442,8576,8643,8762,8585,8501,8412,8116,7825,7552,7347,yes,남영,0
용산구,원효로제2동,1117057000,1117011400,15811,15671,15709,15512,15233,15064,14718,14331,13875,13795,13763,no,-1,-1
용산구,효창동,1117058000,1117011900,11392,11276,9816,9566,9594,9054,10300,10326,10156,10888,10811,yes,효창공원앞,2
용산구,용문동,1117059000,1117012000,13034,12994,13027,12862,12759,12757,12587,12455,11985,11664,11518,no,-1,-1
용산구,한강로동,1117062500,1117012400,13004,13547,14330,14717,15266,16034,16630,16730,16577,17774,17688,yes,용산,1
용산구,이촌제1동,1117063000,1117012900,28196,28007,29002,29134,28960,29341,29255,28961,26632,25707,25513,no,-1,-1
용산구,이촌제2동,1117064000,1117012900,10054,9800,9663,9380,9229,9090,9005,8808,8374,8094,7932,no,-1,-1
용산구,이태원제1동,1117065000,1117013000,9644,9470,9030,8806,8791,9315,9222,8764,8126,7947,7799,yes,이태원,0
용산구,이태원제2동,1117066000,1117013000,11859,11550,11154,11004,11014,10927,10811,10795,10604,10427,10223,yes,이태원,0
용산구,서빙고동,1117069000,1117013200,14221,14293,14342,14507,14274,14257,14102,14000,13912,13458,13141,yes,서빙고,0
용산구,보광동,1117070000,1117013600,17961,17665,17289,16988,16541,16124,15862,15531,14708,14060,12420,no,-1,-1
용산구,청파동,1117055500,1117010800,23428,22939,22366,21913,21233,20922,20661,20496,20076,19833,19616,no,-1,-1
용산구,한강로동,1117062500,1117012400,16277,16491,16424,16463,18059,19209,19635,22097,23411,22886,22691,yes,용산,1
용산구,한남동,1117068500,1117013100,25038,24622,24324,23434,23705,23685,23704,23761,22941,22054,19911,yes,한남,0
성동구,왕십리제2동,1120052000,1120010200,17129,16812,16540,16917,18185,18148,17744,17416,16819,16688,16481,yes,상왕십리,0
성동구,마장동,1120054000,1120010500,25487,25148,25060,24569,24193,24157,24035,23459,22991,22706,22233,yes,마장,0
성동구,사근동,1120055000,1120010600,11745,12574,12947,12722,12812,13408,13543,13512,13505,14082,14141,yes,왕십리,2
성동구,행당제1동,1120056000,1120010700,17806,15553,15129,14708,14387,16728,16463,14363,14193,13996,13984,no,-1,-1
성동구,행당제2동,1120057000,1120010700,26767,26399,26124,25748,25423,25075,24640,24151,23376,23148,22933,no,-1,-1
성동구,응봉동,1120058000,1120010800,17370,17158,17019,16921,16696,16405,16188,15824,15458,15100,15000,yes,응봉,0
성동구,금호1가동,1120059000,1120010900,14823,14117,13780,13419,13191,16191,15954,15795,15315,15137,14841,no,-1,-1
성동구,금호4가동,1120062000,1120011200,15236,15004,14771,14557,14452,15488,15227,14842,14452,14228,14284,yes,금호,0
성동구,성수1가제1동,1120065000,1120011400,18161,17774,17557,17231,17676,17570,17168,16851,16814,16407,15681,yes,뚝섬,0
성동구,성수1가제2동,1120066000,1120011400,18537,18111,17486,17024,16413,15786,14735,13738,12874,12322,12134,yes,뚝섬,0
성동구,성수2가제1동,1120067000,1120011500,20951,20532,20080,19378,18783,18317,17722,17146,16279,15716,15079,yes,서울숲,1
성동구,성수2가제3동,1120069000,1120011500,12431,12434,12251,12142,12056,11915,11682,11457,10985,10520,10312,yes,서울숲,1
성동구,송정동,1120072000,1120011800,12538,12292,12063,12005,11987,11778,11428,11143,10915,10464,10131,yes,용답,0
성동구,용답동,1120079000,1120011800,17389,17358,17207,17059,16687,15659,13290,12724,12568,12551,13013,yes,용답,0
성동구,왕십리도선동,1120053500,1120010100,12993,16081,20808,22878,27582,27853,27767,27588,26910,26903,26739,no,-1,-1
성동구,금호2.3가동,1120061500,1120011000,23517,23056,22962,25038,24735,24467,24171,23584,22909,22423,22130,yes,신금호,0
성동구,옥수동,1120064500,1120011300,23688,23487,23281,24845,27453,27518,27222,26912,26309,25843,25650,yes,옥수,0
광진구,화양동,1121571000,1121510700,24293,24269,24419,24495,24610,24804,25537,25541,26034,27082,27645,yes,건대입구,0
광진구,군자동,1121573000,1121510900,22136,22189,22091,22048,21980,22029,22109,21903,21500,21524,21465,no,-1,-1
광진구,중곡제1동,1121574000,1121510100,17021,16648,16526,16342,16359,16500,16287,16190,15862,15663,15691,yes,중곡,0
광진구,중곡제2동,1121575000,1121510100,23156,22633,22610,22877,22808,22699,22564,22285,21739,21336,20882,yes,중곡,0
광진구,중곡제3동,1121576000,1121510100,18843,18475,18120,17960,17992,17843,17315,16902,16357,16177,16008,yes,중곡,0
광진구,중곡제4동,1121577000,1121510100,31966,31842,32041,31786,31618,31159,30516,29815,28954,28405,28006,yes,중곡,0
광진구,능동,1121578000,1121510200,11331,11470,11712,11648,11838,11891,11978,11913,11619,11561,11496,yes,군자,0
광진구,구의제1동,1121585000,1121510300,23226,23290,23510,23387,23396,23282,23063,22700,22139,24049,23833,yes,구의,0
광진구,구의제2동,1121586000,1121510300,27787,26479,25879,25889,25936,27974,27902,27444,27008,26573,26230,yes,구의,0
광진구,구의제3동,1121587000,1121510300,29808,29997,30067,29789,30483,30476,30094,29588,28891,28440,28072,yes,구의,0
광진구,광장동,1121581000,1121510400,37493,37159,36917,36613,36589,36309,36083,35619,34834,34362,34210,yes,광나루,0
광진구,자양제1동,1121582000,1121510500,25374,24459,24151,23951,24450,24476,24156,23710,23134,22709,22745,yes,뚝섬유원지,0
광진구,자양제2동,1121583000,1121510500,28596,28520,27877,27532,27727,27435,26893,26016,24930,24253,23949,yes,뚝섬유원지,0
광진구,자양제3동,1121584000,1121510500,31929,31436,31227,30555,30517,30132,29475,28957,28330,27858,27543,yes,뚝섬유원지,0
광진구,자양제4동,1121584700,1121510500,28480,28509,28033,27232,25995,24054,23000,21526,21296,21260,23405,yes,뚝섬유원지,0
동대문구,전농제1동,1123056000,1123010400,33027,31997,31254,30779,29916,30988,31075,30722,29699,29220,32897,yes,청량리,2
동대문구,전농제2동,1123057000,1123010400,21593,21387,21234,20793,20436,20351,19990,19449,18876,18629,18432,yes,청량리,2
동대문구,답십리제1동,1123060000,1123010500,20294,25989,26582,24846,25166,29492,29783,29511,29373,28530,28284,no,-1,-1
동대문구,답십리제2동,1123061000,1123010500,31563,30027,29504,30291,29722,28970,30486,29486,28595,28055,27854,no,-1,-1
동대문구,장안제1동,1123065000,1123010600,37990,37591,38017,38812,39593,39212,39153,39287,38794,38677,38032,yes,장한평,0
동대문구,장안제2동,1123066000,1123010600,32682,32673,32289,31441,31447,31649,33045,33339,32791,32685,33020,yes,장한평,0
동대문구,회기동,1123071000,1123010800,12770,12627,12524,12587,12521,12868,13114,12663,12727,13536,13653,no,-1,-1
동대문구,휘경제1동,1123072000,1123010900,17352,17139,15501,14964,14589,14653,16508,15362,16105,16339,16179,yes,회기,0
동대문구,휘경제2동,1123073000,1123010900,26133,25735,25519,25467,25205,25147,25068,24992,24847,24666,25163,yes,회기,0
동대문구,이문제1동,1123074000,1123011000,33194,32201,32433,32045,31172,26940,22311,21205,20870,21366,21488,yes,신이문,0
동대문구,이문제2동,1123075000,1123011000,23225,22857,22888,22692,22454,22004,21174,20947,20417,20183,19935,yes,신이문,0
동대문구,청량리동,1123070500,1123010700,24821,24584,24019,23560,23063,22527,21808,20432,19280,19094,19347,no,-1,-1
동대문구,용신동,1123053600,1123010100,32856,32629,33210,33484,32957,31961,32144,32602,33055,36137,40088,yes,신설동,2
동대문구,제기동,1123054500,1123010300,28945,28883,28850,28551,27770,27576,27364,27017,26577,26484,25501,yes,제기동,0
중랑구,면목제2동,1126052000,1126010100,28235,27936,27560,27424,27057,26482,25942,25214,24405,24206,24001,yes,면목,0
중랑구,면목제4동,1126054000,1126010100,22236,21713,22345,21957,21098,20730,20052,19270,19308,18746,18490,yes,면목,0
중랑구,면목제5동,1126055000,1126010100,13911,13597,11607,10824,10487,10071,9825,14661,14897,14836,14740,yes,면목,0
중랑구,면목제7동,1126057000,1126010100,25362,24860,24004,23357,22707,22258,22200,22714,22070,21798,21557,yes,면목,0
중랑구,상봉제1동,1126058000,1126010200,26165,26746,26320,26152,25960,25619,25499,24912,24190,23714,23353,yes,망우,0
중랑구,상봉제2동,1126059000,1126010200,18605,18438,18629,19050,18645,19243,19844,20214,20647,20612,20760,yes,망우,0
중랑구,중화제1동,1126060000,1126010300,21566,21287,21283,21285,21179,21030,20916,20400,19784,19293,18908,yes,중랑,0
중랑구,중화제2동,1126061000,1126010300,30438,29665,29090,28578,28723,28660,27274,26073,25315,24926,24326,yes,중랑,0
중랑구,묵제1동,1126062000,1126010400,36370,35241,34885,34516,36269,36233,36016,35588,34636,34344,33935,yes,먹골,0
중랑구,묵제2동,1126063000,1126010400,20019,19563,19613,20250,20443,20355,19901,19672,18946,18624,18323,yes,먹골,0
중랑구,망우제3동,1126066000,1126010500,19207,18789,18415,18741,18757,18334,17941,17508,16698,16303,16078,yes,신내,2
중랑구,신내1동,1126068000,1126010600,33301,42203,42150,42023,41561,41264,40854,39831,38649,38205,37938,yes,봉화산,2
중랑구,신내2동,1126069000,1126010600,24878,24192,23913,23511,23018,22379,21905,21302,20529,20155,19774,yes,봉화산,2
중랑구,면목본동,1126056500,1126010100,37197,36584,36575,36839,36780,36558,36195,35424,34188,33856,33550,yes,면목,0
중랑구,면목제3.8동,1126057500,1126010100,29121,28695,28620,28137,27685,27139,26589,25995,25154,24617,24842,yes,면목,0
중랑구,망우본동,1126065500,1126010500,34626,33902,33611,33033,32411,31792,31071,30784,32469,35905,36895,yes,신내,2
성북구,돈암제1동,1129058000,1129010300,16374,16324,17222,17007,16745,16404,15921,15379,14791,14474,14376,yes,길음,0
성북구,돈암제2동,1129059000,1129010300,23797,23614,23722,23681,25269,25273,25028,24686,23913,23657,23547,yes,길음,0
성북구,안암동,1129060000,1129012100,18255,18114,18022,18211,17387,17260,17502,16580,16527,17118,17268,yes,안암,0
성북구,보문동,1129061000,1129012600,14285,15124,15018,15069,17260,17067,16653,16123,15766,16712,16575,yes,보문,2
성북구,정릉제1동,1129062000,1129010300,20191,19975,19372,19273,18901,18642,19455,18929,18377,18197,18015,yes,길음,0
성북구,정릉제2동,1129063000,1129010300,24182,23962,24644,24609,24495,24267,23834,23736,23268,22911,22815,yes,길음,0
성북구,정릉제3동,1129064000,1129013300,18371,17980,17801,17630,17366,17294,17233,16847,16210,16567,16628,no,-1,-1
성북구,정릉제4동,1129065000,1129013300,28050,27815,27893,27818,27423,27161,26792,25993,25322,24911,24516,no,-1,-1
성북구,길음제1동,1129066000,1129013400,37951,37987,38048,37908,37797,37829,37082,36568,35615,35000,34903,yes,월곡,0
성북구,길음제2동,1129068500,1129013400,20815,17404,16300,13173,12345,11767,16620,17167,16780,21728,21802,yes,월곡,0
성북구,월곡1동,2920060000,2920012800,29199,28822,28751,28450,28161,27854,27523,27108,26525,26169,25799,no,-1,-1
성북구,월곡2동,2920061000,2920012700,21611,21425,21483,21147,20823,20702,20509,20396,19896,19739,19531,no,-1,-1
성북구,장위제1동,1129076000,1129013800,25420,24380,23502,22573,21336,21228,20592,20449,24511,24082,23607,no,-1,-1
성북구,장위제2동,1129077000,1129013800,22150,21452,20950,20533,18517,15069,13972,14106,13953,13622,13362,no,-1,-1
성북구,장위제3동,1129078000,1129013800,18804,17534,14165,13226,12336,11689,17580,17359,15980,15868,15663,no,-1,-1
성북구,성북동,1129052500,1129010100,19316,18811,18536,18331,17996,17902,17584,17404,17026,16889,16503,no,-1,-1
성북구,삼선동,1129055500,1129010300,28551,28368,27936,27510,27082,26971,26013,24144,23413,23044,22824,yes,길음,0
성북구,동선동,1129057500,1129010300,16963,16727,16974,16770,16614,16386,16276,16246,16115,15870,15973,yes,길음,0
성북구,종암동,1129070500,1129013500,43664,43444,43496,43625,42926,42876,42068,41353,40325,40111,39766,yes,고려대,0
성북구,석관동,1129081000,1129013900,37398,36699,35725,35073,34628,34046,36507,36483,35829,35315,34695,yes,돌곶이,0
강북구,번1동,1130559500,1130510200,21013,20643,20541,20334,19912,19964,19614,19441,18717,18578,17963,no,-1,-1
강북구,번2동,1130560300,1130510200,19457,18927,18746,18407,17937,17504,17102,16544,15932,15397,14994,no,-1,-1
강북구,번3동,1130560800,1130510200,21018,20636,20235,19882,19314,18967,18251,17605,16905,16449,16420,no,-1,-1
강북구,수유1동,1130561500,1130510300,23300,23090,22927,22844,22471,22338,21841,21468,20849,20501,20200,yes,수유,0
강북구,수유2동,1130562500,1130510300,22965,22969,22644,22372,22512,22526,21939,21595,21421,21054,20697,yes,수유,0
강북구,수유3동,1130563500,1130510300,24295,23971,23953,24126,24223,24280,24064,23907,23393,23778,23954,yes,수유,0
강북구,삼양동,1130553400,1130510100,31165,30306,30085,29747,29079,26575,25537,24742,23802,23090,22622,yes,미아,0
강북구,미아동,1130553500,1130510100,24116,24014,23756,23591,23431,23228,22814,22723,21997,21685,21546,yes,미아,0
강북구,송중동,1130554500,1130510100,32963,32378,31068,29310,30293,29549,31153,30934,30035,29910,29296,yes,미아,0
강북구,송천동,1130555500,1130510100,31507,30928,30453,30536,29970,29519,28628,27871,26801,25998,25208,yes,미아,0
강북구,삼각산동,1130557500,1130510100,35035,35020,34782,34452,33834,33524,32900,32118,31470,30939,30716,yes,미아,0
강북구,우이동,1130564500,1130510300,21436,21717,21904,22014,21897,21895,21391,21076,20678,20407,20000,yes,수유,0
강북구,인수동,1130566000,1130510300,33651,33811,33332,33089,33129,33046,32461,31545,30563,29916,29361,yes,수유,0
도봉구,쌍문제1동,1132066000,1132010500,22731,22623,22590,22555,22326,22428,22364,22016,21658,21445,21085,no,-1,-1
도봉구,쌍문제2동,1132067000,1132010500,21342,21222,21294,21104,20627,20580,20025,19406,18864,18461,18082,no,-1,-1
도봉구,쌍문제3동,1132068000,1132010500,18357,18180,18028,17762,17482,17406,17262,16922,16768,16934,16651,no,-1,-1
도봉구,쌍문제4동,1132068100,1132010500,21388,21269,21102,20763,20480,20102,19811,19297,18643,18348,18120,no,-1,-1
도봉구,방학제1동,1132069000,1132010600,32130,31600,31622,31371,30730,30563,30056,29236,28912,28410,28005,yes,방학,0
도봉구,방학제2동,1132070000,1132010600,23623,22948,22631,22391,22304,21648,21140,20473,19867,19354,18739,yes,방학,0
도봉구,방학제3동,1132071000,1132010600,31732,31235,30909,30448,29784,29336,28782,27973,27110,26500,26155,yes,방학,0
도봉구,창제1동,1132051100,1132010700,134409,133252,132545,131939,131110,129652,127608,125566,123210,121712,120726,yes,녹천,0
도봉구,도봉제1동,1132052100,1132010800,24102,23731,23526,23628,23383,22839,22293,21810,21210,20622,20209,yes,도봉,0
도봉구,도봉제2동,1132052200,1132010800,30795,30114,29771,29224,29319,29028,28677,27920,26962,26359,26156,yes,도봉,0
노원구,월계1동,1135056000,1135010200,88796,87591,86292,83889,83676,82244,81938,81461,79829,78506,77588,yes,광운대,0
노원구,공릉1동,1135059500,1135010300,40484,40339,39942,40220,40028,39990,39040,38324,37277,37184,36683,yes,태릉입구,0
노원구,공릉2동,1135060000,1135010300,46738,46120,45297,44747,41895,41539,41071,40360,41004,42538,42361,yes,태릉입구,0
노원구,하계1동,1135061100,1135010400,30548,30003,29635,29914,29899,29901,29305,27965,27036,26982,26723,yes,하계,0
노원구,하계2동,1135061200,1135010400,25529,25304,25078,24778,24393,23852,23318,22723,22034,21642,21369,yes,하계,0
노원구,중계본동,1135061900,1135010600,29658,29161,28567,28026,27449,26863,25875,24942,24009,23477,23131,yes,중계,0
노원구,중계1동,1135062100,1135010600,30571,30124,29782,29363,28828,28351,28061,27556,26877,26580,26425,yes,중계,0
노원구,중계4동,1135062400,1135010500,22335,22842,22707,22336,22098,21841,21324,20752,19975,19601,19306,yes,당고개,0
노원구,상계1동,1135063000,1135010500,44029,43376,42935,42402,41695,41010,40121,39204,38275,37857,36995,yes,당고개,0
노원구,상계2동,1135064000,1135010500,22574,22483,22250,22171,21926,21624,21220,20692,20143,19629,19266,yes,당고개,0
노원구,상계5동,1135067000,1135010500,24084,23769,28084,27742,27048,26230,25483,24797,24077,23737,23157,yes,당고개,0
노원구,상계8동,1135070000,1135010500,26646,26207,26026,25627,25143,24427,23953,22963,22598,22344,21892,yes,당고개,0
노원구,상계9동,1135071000,1135010500,24552,24156,23848,23300,22854,22348,21919,21221,20529,20071,19751,yes,당고개,0
노원구,상계10동,1135072000,1135010500,20345,20059,19709,19155,17446,17021,16619,17631,18731,18477,18246,yes,당고개,0
노원구,중계2.3동,1135062500,1135010600,41977,41126,40388,39542,38764,37786,36763,35586,34326,33497,32618,yes,중계,0
노원구,상계3.4동,1135066500,1135010500,38405,37314,31990,30174,27742,26622,25818,27184,26268,25324,27606,yes,당고개,0
노원구,상계6.7동,1135069500,1135010500,36756,36370,35872,36593,36103,35480,34648,33642,32774,32044,31565,yes,당고개,0
은평구,녹번동,1138051000,1138010200,32991,31163,32347,33068,33053,34901,38411,37815,37164,36884,36511,yes,녹번,0
은평구,불광제1동,1138052000,1138010300,43220,43291,42770,42833,42356,41585,40917,40022,38777,38265,37694,yes,독바위,0
은평구,불광제2동,1138053000,1138010300,29948,29421,29328,29881,30208,29914,29552,28740,27798,27280,26972,yes,독바위,0
은평구,갈현제1동,1138055100,1138010400,26315,26023,25892,25974,25591,25191,24536,23396,22077,17151,14644,yes,연신내,0
은평구,갈현제2동,1138055200,1138010400,29351,29942,30309,30930,30907,30692,30150,29239,28547,28176,27714,yes,연신내,0
은평구,구산동,1138056000,1138010500,33804,33646,34330,34302,33819,34132,33804,32997,32464,32020,31663,yes,구산,0
은평구,대조동,1138057000,1138010600,32449,32892,33327,33485,33362,32608,27910,27579,27204,26862,27758,yes,불광,0
은평구,응암제1동,1138058000,1138010700,32745,32588,32806,27790,26400,26185,25654,31265,33287,33279,32969,no,-1,-1
은평구,응암제2동,1138059000,1138010700,26769,25370,23264,19972,21712,21086,25466,27776,28107,28016,27544,no,-1,-1
은평구,응암제3동,1138060000,1138010700,27795,27623,27254,27152,26639,26417,26081,25553,24637,24313,23822,no,-1,-1
은평구,신사제1동,1138063100,1138010900,28492,28319,28541,28410,28169,28926,28570,27776,27231,26984,26688,yes,압구정,0
은평구,신사제2동,1138063200,1138010900,22678,22288,22193,22255,22210,22247,21875,20945,20330,19497,19101,yes,압구정,0
은평구,증산동,1138064000,1138011000,20815,20496,19978,19422,16924,16412,16172,15487,15034,18647,18415,yes,증산,0
은평구,수색동,1138065000,1138010100,19277,18780,16723,16048,13830,11266,8952,11258,12752,13210,20560,yes,디지털미디어시티,1
은평구,진관동,1138069000,1138011400,51666,51981,53613,53811,55569,56487,58006,57256,56012,55034,54607,yes,구파발,0
은평구,역촌동,1138062500,1138010800,49796,49420,49903,50604,50453,49617,48490,46939,45752,44984,44207,no,-1,-1
서대문구,천연동,1141052000,1141010500,20413,20278,20114,19915,19365,19044,18704,18049,17359,17031,16789,yes,독립문,0
서대문구,홍제제1동,1141062000,1141011100,26991,26592,24438,24982,24422,23123,24997,24604,23929,24674,24959,yes,홍제,0
서대문구,홍제제2동,1141065500,1141011100,15745,15540,15446,15247,15009,14934,14570,14334,13801,13433,13281,yes,홍제,0
서대문구,홍제제3동,1141064000,1141011100,20054,19875,19614,19418,17201,16616,16420,15983,15478,17890,17842,yes,홍제,0
서대문구,홍은제1동,1141066000,1141011800,26236,25651,24842,23846,23321,24131,22902,23266,22933,22825,22410,no,-1,-1
서대문구,홍은제2동,1141068500,1141011800,30330,30540,30401,30606,30116,29004,28394,27734,27222,27499,29394,no,-1,-1
서대문구,남가좌제1동,1141069000,1141012000,3893,3718,11293,16929,17266,17199,16918,16141,15627,16884,16927,yes,가좌,1
서대문구,남가좌제2동,1141070000,1141012000,30514,29817,27549,23539,23238,24989,25947,30996,30807,30508,30385,yes,가좌,1
서대문구,북가좌제1동,1141071000,1141011900,19872,19990,19844,19873,19779,19311,19160,18557,18121,17804,17678,no,-1,-1
서대문구,북가좌제2동,1141072000,1141011900,34234,34264,34629,34804,34718,34237,33810,32947,31893,31244,31026,no,-1,-1
서대문구,충현동,1141056500,1141010100,20555,19650,19376,19212,18768,18291,18113,21229,20760,20316,20148,yes,충정로,0
서대문구,북아현동,1141055500,1141011000,10856,10544,11154,12993,17688,17832,17525,16956,16236,15875,15756,no,-1,-1
서대문구,신촌동,1141058500,1141011200,21634,22027,22545,23077,23309,23917,24372,23051,23759,26143,26846,yes,신촌,0
서대문구,연희동,1141061500,1141011700,42740,42375,41860,41430,40828,40452,41339,39105,37734,37428,37188,no,-1,-1
마포구,용강동,1144059000,1144010400,19256,20293,22138,22535,22525,22647,22441,22257,22038,21786,21642,yes,대흥,0
마포구,대흥동,1144060000,1144010800,15791,17275,15405,14223,13891,13661,13575,15863,15848,16177,16269,yes,서강대,1
마포구,염리동,1144061000,1144010200,16539,15724,16005,12033,11388,13063,13486,12864,17657,17633,17664,no,-1,-1
마포구,신수동,1144063000,1144010800,22161,21619,20230,22093,21847,21806,23877,23606,22834,22672,22496,yes,서강대,1
마포구,서교동,1144066000,1144011000,30169,29383,28125,27798,26580,26264,25997,26981,26549,26674,26359,yes,홍대입구,1
마포구,합정동,1144068000,1144012200,20332,19732,19986,20272,19893,19535,19153,18576,17649,17064,16717,no,-1,-1
마포구,망원제1동,1144069000,1144012300,24174,23402,22751,22292,21790,22125,21856,21113,20351,19757,19475,yes,망원,0
마포구,망원제2동,1144070000,1144012300,21082,21071,20809,20494,20017,19641,19386,19216,18764,18449,18155,yes,망원,0
마포구,연남동,1144071000,1144012400,20155,19753,19157,18592,17803,17393,16953,16682,15899,15603,15190,no,-1,-1
마포구,성산제1동,1144072000,1144012500,21430,21283,21272,20838,20609,20443,20164,19679,19246,19079,18947,yes,월드컵경기장,0
마포구,성산제2동,1144073000,1144012500,40819,40456,40265,40199,40566,41743,41531,40669,39909,39500,39099,yes,월드컵경기장,0
마포구,상암동,1144074000,1144012700,33636,33522,33875,33814,33417,33550,32882,31997,31473,30837,30414,no,-1,-1
마포구,도화동,1144058500,1144010400,23773,23557,23403,23387,23087,22845,22594,21998,21391,21118,20899,yes,대흥,0
마포구,서강동,1144065500,1144011400,25244,26300,26655,26362,26120,25622,26163,25386,25600,25576,25405,yes,상수,0
마포구,공덕동,1144056500,1144010100,37489,36760,39391,39705,40669,40506,40509,38750,37792,37476,37123,yes,공덕,1
마포구,아현동,1144055500,1144010100,19048,25700,28884,26250,25581,25515,25358,26221,25686,26184,29308,yes,공덕,1
양천구,목1동,1147051000,1147010200,33125,32783,33380,32960,32698,32458,32173,31727,30883,30536,30419,yes,목동,0
양천구,목2동,1147052000,1147010200,31799,31155,31694,31956,31988,31754,31477,30705,30139,29641,29098,yes,목동,0
양천구,목3동,1147053000,1147010200,23173,22878,22050,22005,22212,23231,23095,22643,21977,21719,21395,yes,목동,0
양천구,목4동,1147054000,1147010200,28717,28311,28044,27940,27596,27289,26909,26190,25544,25018,24619,yes,목동,0
양천구,목5동,1147055000,1147010200,45559,44760,44545,43987,43749,43390,42948,42288,41308,40737,40818,yes,목동,0
양천구,신월1동,1147056000,1147010300,24718,24387,23851,23328,22927,22379,21773,21246,20693,20343,19683,no,-1,-1
양천구,신월2동,1147057000,1147010300,21282,23002,23422,23542,23280,22853,22126,21520,20819,20569,20944,no,-1,-1
양천구,신월3동,1147058000,1147010300,17853,17528,18461,18276,17649,17186,16719,15965,15372,14934,14466,no,-1,-1
양천구,신월4동,1147059000,1147010300,19566,19641,19914,20009,19675,19335,19026,18487,18012,17698,17555,no,-1,-1
양천구,신월5동,1147060000,1147010300,16552,16426,16490,16391,16066,15759,15570,15189,14750,14461,14120,no,-1,-1
양천구,신월6동,1147061000,1147010300,12573,12251,11841,7947,7078,6815,6615,13798,13945,13816,13927,no,-1,-1
양천구,신월7동,1147061100,1147010300,24782,24062,23919,23493,23153,22347,21602,20651,19917,19199,18811,no,-1,-1
양천구,신정1동,1147062000,1147010100,19879,19319,18979,21854,21861,21677,21627,21074,20487,19962,19820,no,-1,-1
양천구,신정2동,1147063000,1147010100,22507,22077,21953,21492,21261,20987,20685,20207,19596,19003,18869,no,-1,-1
양천구,신정3동,1147064000,1147010100,57667,56535,55866,52998,50810,48799,48151,46787,49979,50587,49890,no,-1,-1
양천구,신정4동,1147065000,1147010100,37312,36543,36196,36314,36483,36193,35581,34191,33343,33056,32402,no,-1,-1
양천구,신정6동,1147067000,1147010100,26911,26551,26375,25918,25745,25500,25304,25038,24552,24152,23985,no,-1,-1
양천구,신정7동,1147068000,1147010100,32959,32499,32030,31435,30787,30193,30904,30075,29171,28579,28431,no,-1,-1
강서구,염창동,1150051000,1150010100,42600,42281,42118,41116,40900,41016,42579,42017,41764,41628,41490,yes,양천향교,0
강서구,등촌제1동,1150052000,1150010200,23136,23068,22726,23067,23531,23558,23717,24338,24436,24991,25184,yes,증미,0
강서구,등촌제2동,1150053000,1150010200,22182,21755,21706,22072,22255,22118,21868,21216,20423,19855,19481,yes,증미,0
강서구,등촌제3동,1150053500,1150010200,37093,36071,35567,34962,34205,33279,32506,31660,30714,30025,29576,yes,증미,0
강서구,화곡본동,1150059000,1150010300,37233,36587,36575,36628,36640,36390,35918,34981,34612,34121,33346,yes,우장산,0
강서구,화곡제1동,1150054000,1150010300,52933,52571,53295,54425,54795,54687,54562,53380,52770,52647,51791,yes,우장산,0
강서구,화곡제2동,1150055000,1150010300,20543,20228,20246,20465,20413,20041,19487,18727,18096,17785,17358,yes,우장산,0
강서구,화곡제3동,1150056000,1150010300,24247,23765,23556,23190,22903,22730,22710,21938,21661,21603,21261,yes,우장산,0
강서구,화곡제4동,1150057000,1150010300,23634,23188,23382,23317,23141,22694,22044,21413,20820,20514,20017,yes,우장산,0
강서구,화곡제6동,1150059100,1150010300,26032,25781,25778,25797,25099,24840,25118,25133,25096,25303,26236,yes,우장산,0
강서구,화곡제8동,1150059300,1150010300,27811,27567,27311,27232,27097,26833,26509,25674,24789,24415,23888,yes,우장산,0
강서구,가양제1동,1150060300,1150010400,22252,23585,24996,27547,32636,33556,34154,34540,34395,34359,34145,yes,마곡,0
강서구,가양제2동,1150060400,1150010400,17581,17098,16775,16432,16246,15763,15140,14588,14109,13902,13539,yes,마곡,0
강서구,가양제3동,1150060500,1150010400,18583,18051,17696,17289,16771,16516,16199,15583,15138,14678,14207,yes,마곡,0
강서구,발산제1동,1150061100,1150010500,33353,39714,40424,39921,39414,38879,38507,37530,36572,36236,35955,yes,방화,0
강서구,공항동,1150062000,1150010500,22250,21490,21088,24660,28554,28646,28261,27627,31483,30927,30035,yes,방화,0
강서구,방화제1동,1150063000,1150010500,30828,42282,43914,46284,46694,46357,45668,44550,43181,42851,42283,yes,방화,0
강서구,방화제2동,1150064000,1150010900,25955,25327,25212,25035,24731,24391,24051,23442,23656,23371,22978,yes,개화,0
강서구,방화제3동,1150064100,1150010900,27256,26348,26257,25779,25417,24912,24467,23577,22924,22544,22110,yes,개화,0
강서구,우장산동,1150061500,1150010300,39734,44896,47069,46886,46813,46405,44808,43987,43129,42883,43946,yes,우장산,0
구로구,신도림동,1153051000,1153010100,38117,37807,38233,38202,37861,37615,37188,36494,36342,36138,36313,yes,신도림,0
구로구,구로제1동,1153052000,1153010200,23013,22889,22886,22645,22359,21911,22097,21632,21166,20936,20705,yes,구로,0
구로구,구로제2동,1153053000,1153010200,39064,39124,38125,37072,35893,36289,35208,33050,31164,30093,29019,yes,구로,0
구로구,구로제3동,1153054000,1153010200,28955,28810,28449,28081,27620,26974,26290,25722,25157,25055,25049,yes,구로,0
구로구,구로제4동,1153055000,1153010200,30165,30153,29517,28651,27538,27165,26219,25031,23745,23052,22557,yes,구로,0
구로구,구로제5동,1153056000,1153010200,35303,35333,34993,35068,34370,34085,33426,32339,31822,31740,31720,yes,구로,0
구로구,고척제1동,1153072000,1153010600,25602,25650,25646,25371,24911,24659,24182,23547,22657,25636,26690,no,-1,-1
구로구,고척제2동,1153073000,1153010600,31449,30807,30491,30410,30206,29543,28950,27853,27092,26557,26250,no,-1,-1
구로구,개봉동,1153074000,1153010700,91845,91398,91428,91116,90751,90062,89232,87693,86095,85107,84334,yes,개봉,0
구로구,오류제1동,1153077000,1153010800,21572,21908,21999,21943,21547,22651,23295,23360,23155,23126,23363,yes,오류동,0
구로구,오류제2동,1153078000,1153010800,41488,45858,46230,45854,45505,45398,53500,39755,39026,38528,37888,yes,오류동,0
구로구,수궁동,1153079000,1153010900,26087,25905,25832,25920,25851,25461,24890,24297,23806,23332,23109,yes,온수,1
구로구,가리봉동,1153059500,1153010300,19507,19630,18934,17575,16207,16206,15250,14263,13091,12653,12458,no,-1,-1
금천구,가산동,1154551000,1154510100,23519,23961,23926,23488,23274,24459,24455,25973,26179,26569,27152,yes,가산디지털단지,0
금천구,독산제1동,1154561000,1154510200,34673,34550,34010,36800,39421,41826,43840,44191,46698,47573,48084,no,-1,-1
금천구,독산제2동,1154562000,1154510200,23899,23607,23644,23077,22670,22103,21405,20666,20175,19562,19152,no,-1,-1
금천구,독산제3동,1154563000,1154510200,31712,32007,32016,31245,30584,30702,29916,28535,27595,27239,26903,no,-1,-1
금천구,독산제4동,1154564000,1154510200,20096,20028,19806,19158,18996,18776,18227,17464,16778,16432,16120,no,-1,-1
금천구,시흥제1동,1154567000,1154510300,38569,38688,38520,38320,37640,37078,36706,35781,34533,34054,33790,yes,금천구청,0
금천구,시흥제2동,1154568000,1154510300,25032,24770,24445,24154,23761,23253,22659,22092,21351,20832,20687,yes,금천구청,0
금천구,시흥제3동,1154569000,1154510300,12985,12794,12689,12255,12065,11740,11524,11285,10951,10701,10396,yes,금천구청,0
금천구,시흥제4동,1154570000,1154510300,24169,24126,23953,23271,23203,22747,22216,21520,20916,20614,20059,yes,금천구청,0
금천구,시흥제5동,1154571000,1154510300,23600,23499,23158,22886,21877,21337,20872,20328,19715,19242,18762,yes,금천구청,0
영등포구,여의동,1156054000,1156011000,34197,33934,34094,34013,33718,33973,34598,34463,33420,32923,33713,yes,여의도,0
영등포구,당산제1동,1156055000,1156011100,21155,21228,21433,21260,21261,21361,21524,21197,20648,20740,21418,yes,영등포구청,0
영등포구,당산제2동,1156056000,1156011400,35490,35480,36016,36518,35684,36191,36324,38011,37911,37102,37113,yes,당산,0
영등포구,양평제1동,1156061000,1156012500,17454,17044,17334,17333,17194,17959,18263,17702,18487,18704,18422,no,-1,-1
영등포구,양평제2동,1156062000,1156012700,22256,22090,22227,22602,22769,22962,22802,22603,22499,22583,22758,yes,선유도,0
영등포구,신길제1동,1156063000,1156013200,23224,22847,22246,21836,20494,19696,19750,19167,18755,20483,20653,yes,대방,2
영등포구,신길제3동,1156065000,1156013200,17532,17206,16576,18110,17780,17563,18727,18086,17575,17281,16961,yes,대방,2
영등포구,신길제4동,1156066000,1156013200,13675,13379,13186,11556,10712,10425,9985,12974,13089,13016,12919,yes,대방,2
영등포구,신길제5동,1156067000,1156013200,18542,18179,17854,15326,13079,11649,10670,12496,11701,11212,10912,yes,대방,2
영등포구,신길제6동,1156068000,1156013200,24401,24189,23903,21453,20019,19801,19434,19071,19869,19593,18369,yes,대방,2
영등포구,신길제7동,1156069000,1156013200,15495,15524,15212,13031,17292,17216,17075,20494,20158,19899,19985,yes,대방,2
영등포구,대림제1동,1156070000,1156013300,19719,19410,18946,17890,16843,17030,16332,17751,17067,16506,16164,no,-1,-1
영등포구,대림제2동,1156071000,1156013300,25020,25507,24461,23028,21811,22231,21370,19776,18162,17523,17575,no,-1,-1
영등포구,대림제3동,1156072000,1156013300,31750,31780,31178,30621,29654,29519,28638,26973,25876,25205,25027,no,-1,-1
영등포구,영등포본동,1156051500,1156010100,27452,27313,26898,26350,25703,25480,24813,23790,23152,22714,22536,yes,신길,0
영등포구,영등포동,1156053500,1156010100,20065,20606,20471,20933,24055,26111,27166,28749,29901,30461,31413,yes,신길,0
영등포구,도림동,1156058500,1156011800,21394,23495,23650,23089,22274,22178,21552,20665,19826,19600,19520,no,-1,-1
영등포구,문래동,1156060500,1156011900,32751,32224,32126,31830,31682,32255,31963,33399,32812,32540,32342,yes,문래,0
동작구,노량진동,1159051000,1159010100,50425,50092,49754,49329,48965,48687,48169,47892,45930,45614,45455,no,-1,-1
동작구,상도제1동,1159053000,1159010200,47416,48197,48387,48245,48471,48317,48153,46840,45485,46166,46451,yes,숭실대입구,0
동작구,상도제2동,1159054000,1159010200,26190,25927,24880,27817,27549,27767,29270,28162,28362,27982,27822,yes,숭실대입구,0
동작구,상도제3동,1159055000,1159010200,25184,25358,25490,26041,26304,26181,26041,25416,24846,24456,24297,yes,숭실대입구,0
동작구,상도제4동,1159056000,1159010200,29897,30010,30151,30501,30357,30264,29893,29306,28914,28564,28051,yes,숭실대입구,0
동작구,사당제1동,1159062000,1159010700,24108,23864,23877,23961,23872,24064,24026,23632,23321,23009,23008,yes,사당,0
동작구,사당제2동,1159063000,1159010600,31641,31247,30939,30105,28838,28742,28290,27658,28147,28786,28478,yes,동작,0
동작구,사당제3동,1159064000,1159010700,26513,26174,24835,24625,24967,26762,26034,25244,24548,24189,23940,yes,사당,0
동작구,사당제4동,1159065000,1159010700,15093,15038,15279,15043,14940,15091,14921,14599,14301,14185,14007,yes,사당,0
동작구,사당제5동,1159065100,1159010700,15405,15161,13718,13389,13316,13207,12886,14811,14558,14434,14269,yes,사당,0
동작구,대방동,1159066000,1159010800,40651,40180,40321,40656,40684,40360,40177,39172,38338,37056,35989,yes,신대방삼거리,0
동작구,신대방제1동,1159067000,1159010900,28636,28603,28145,27939,27427,27214,26599,25823,24999,25118,25100,yes,신대방,0
동작구,신대방제2동,1159068000,1159010900,21520,21414,21587,21461,20867,21076,20719,20466,21404,22445,22281,yes,신대방,0
동작구,흑석동,1159060500,1159010500,38806,38487,35941,35115,33532,33231,35551,34544,33293,30694,32231,yes,흑석,0
관악구,남현동,1162063000,1162010300,18359,18315,18568,18981,19022,18998,18980,18598,18274,18163,17888,no,-1,-1
관악구,보라매동,1162052500,1162010100,27251,27127,26976,26649,26484,26398,26496,25278,24918,24660,24272,yes,낙성대,0
관악구,청림동,1162054500,1162010100,16868,16828,17128,16974,16695,16527,16286,15711,15214,15005,14828,yes,낙성대,0
관악구,행운동,1162057500,1162010100,30055,30317,30368,30578,30399,30438,30061,29799,29413,29636,29418,yes,낙성대,0
관악구,낙성대동,1162058500,1162010100,19202,18732,18368,18213,17882,17780,17623,17579,17434,17928,17863,yes,낙성대,0
관악구,중앙동,1162061500,1162010100,15233,15211,15359,15368,15506,15716,15895,15758,15487,15685,15572,yes,낙성대,0
관악구,인헌동,1162062500,1162010100,28610,28240,28098,28004,27748,27293,27088,26500,26154,26119,25849,yes,낙성대,0
관악구,서원동,1162064500,1162010200,24159,24057,24108,23973,23542,23933,24068,23565,23278,23511,23690,yes,신림,2
관악구,신원동,1162065500,1162010200,20248,20267,20389,20272,19940,20119,19742,19290,18675,18620,18399,yes,신림,2
관악구,서림동,1162066500,1162010200,24850,25137,25468,25475,25264,24881,24339,24410,23689,24361,24594,yes,신림,2
관악구,신사동,1162068500,1162010200,26938,27040,26976,26627,26229,26442,25960,25426,24838,24719,24414,yes,신림,2
관악구,신림동,1162069500,1162010200,21697,20780,20867,21341,21470,22256,22525,22667,23128,23877,23767,yes,신림,2
관악구,난향동,1162071500,1162010200,17674,17485,17257,17013,16871,16693,16394,15915,15420,15050,14859,yes,신림,2
관악구,조원동,1162072500,1162010200,20212,20328,20489,20413,19952,19824,19579,19232,18786,20490,21077,yes,신림,2
관악구,대학동,1162073500,1162010200,23637,23570,23766,24408,24589,24823,24457,24907,24921,26301,27093,yes,신림,2
관악구,은천동,1162060500,1162010100,36822,36727,36699,36111,35985,35797,35337,34595,33631,33156,32902,yes,낙성대,0
관악구,성현동,1162056500,1162010100,34694,34321,34294,34015,33453,33033,31175,30472,29394,28830,28461,yes,낙성대,0
관악구,청룡동,1162059500,1162010100,34409,34322,30849,29582,29457,30242,34440,36325,36482,37132,36872,yes,낙성대,0
관악구,난곡동,1162077500,1162010200,31026,30860,30810,30539,30094,29484,28912,28054,27216,26679,25807,yes,신림,2
관악구,삼성동,1162074500,1162010200,29071,28426,28164,27467,26826,26068,25226,23935,22041,20642,20130,yes,신림,2
관악구,미성동,1162076500,1162010200,34113,33870,34030,33604,33521,33295,32751,31787,31056,30662,30128,yes,신림,2
서초구,서초1동,1165051000,1165010800,21675,21516,21385,21388,21532,21574,21579,21187,20711,20622,20352,yes,교대,0
서초구,서초2동,1165052000,1165010800,23868,22530,21467,21239,16766,18506,18837,21731,26595,26932,25140,yes,교대,0
서초구,서초3동,1165053000,1165010100,30659,30647,30491,30123,30439,30754,30951,32307,32769,32379,32384,yes,방배,0
서초구,서초4동,1165053100,1165010800,29773,28468,29056,29019,31285,31817,31988,31718,31089,30521,30558,yes,교대,0
서초구,잠원동,1165054000,1165010600,34751,34367,34015,35035,34940,34962,35131,28532,26946,26393,27015,yes,잠원,0
서초구,반포본동,1165055000,1165010700,13487,13473,13317,12961,12826,12583,12190,11991,2000,292,241,yes,고속터미널,0
서초구,반포1동,1165056000,1165010700,34335,34004,30849,30431,28665,32109,33237,32630,34815,34443,34190,yes,고속터미널,0
서초구,반포2동,1165057000,1165010700,20133,20022,19881,23491,24506,16761,16385,16240,15801,15742,23436,yes,고속터미널,0
서초구,반포3동,1165058000,1165010600,24431,24152,20920,19259,18721,20434,20390,22412,22245,22773,23845,yes,잠원,0
서초구,반포4동,1165058100,1165010700,20884,20726,20745,20561,20443,20600,20232,19977,19807,19486,19229,yes,고속터미널,0
서초구,방배본동,1165059000,1165010100,22338,22349,22153,21956,21805,21746,21585,21293,21083,20778,20575,yes,방배,0
서초구,방배1동,1165060000,1165010100,17501,17479,17538,17202,17293,17683,17524,17381,16980,16883,16644,yes,방배,0
서초구,방배2동,1165061000,1165010100,27871,28817,28361,27735,27221,22491,20958,20404,19474,18553,18171,yes,방배,0
서초구,방배3동,1165062000,1165010100,25586,25292,24400,24055,22584,22268,22455,21441,18861,17321,16058,yes,방배,0
서초구,방배4동,1165062100,1165010100,26036,26179,26446,26497,26392,24442,24083,24036,23817,23429,23108,yes,방배,0
서초구,양재1동,1165065100,1165010200,44231,47501,47859,47744,47275,46713,45940,44890,43408,42683,42333,yes,양재시민의숲,1
서초구,양재2동,1165065200,1165010200,22935,23978,23633,23796,23836,24032,23161,22709,22144,21766,21545,yes,양재시민의숲,1
서초구,내곡동,1165066000,1165010900,6047,12788,18742,18985,18872,18688,18481,18146,17622,17455,17254,yes,청계산입구,1
강남구,신사동,1162068500,1162010200,19753,19114,18570,18349,18105,17813,17546,16914,16213,15876,15681,yes,신림,2
강남구,논현1동,1168052100,1168010800,26221,25751,25307,24867,24186,24061,23792,23734,22702,22080,21759,yes,학동,0
강남구,논현2동,1168053100,1168010800,22526,22441,23082,22639,22573,22304,21904,21997,21331,20814,20774,yes,학동,0
강남구,삼성1동,1168058000,1168010500,15993,15800,15531,15357,15193,15252,14920,13600,13136,12739,12384,yes,강남구청,1
강남구,삼성2동,1168059000,1168010500,32310,32170,31343,30999,29628,30492,30674,30368,30692,31062,30888,yes,강남구청,1
강남구,대치1동,1168060000,1168010600,20580,19804,23283,24834,25262,25590,25302,24922,24199,23846,23934,yes,한티,0
강남구,대치2동,1168061000,1168010600,42509,43118,42565,42068,41566,40163,38647,37752,36663,37098,38417,yes,한티,0
강남구,대치4동,1168063000,1168010600,22351,22134,21630,21292,21193,21265,20822,20744,20079,19491,18929,yes,한티,0
강남구,역삼1동,1168064000,1168010100,36142,36239,36450,36305,36534,36861,37002,36771,36590,35556,35326,yes,역삼,0
강남구,역삼2동,1168065000,1168010100,35091,36130,36314,37047,37103,36822,37336,37291,36378,37269,36748,yes,역삼,0
강남구,도곡1동,1168065500,1168011800,22945,22854,22693,23057,22882,22844,22626,22227,21539,21274,20701,yes,도곡,0
강남구,도곡2동,1168065600,1168011800,35674,35661,35307,34934,34884,34704,34437,34042,33261,32846,32738,yes,도곡,0
강남구,개포1동,1168066000,1168010300,22869,22163,21700,21162,20111,7800,6920,6670,6489,6922,11907,yes,개포동,0
강남구,개포2동,1168067000,1168010300,34307,33476,27354,21746,14678,13855,22049,22297,27945,29032,41804,yes,개포동,0
강남구,개포4동,1168069000,1168010300,23562,23177,22135,18550,18525,18920,18405,22765,23870,23639,23384,yes,개포동,0
강남구,일원본동,1168072000,1168011400,23051,24995,25350,25104,25027,24781,24399,23945,23291,23015,22832,yes,수서,2
강남구,수서동,1168075000,1168011500,16486,16064,15732,16708,16787,16421,15934,15299,14870,14402,14090,no,-1,-1
강남구,세곡동,1168070000,1168011100,19137,35894,43302,44344,44921,45445,45064,44475,43396,43382,45724,yes,이천,2
강남구,압구정동,1168054500,1168010700,29175,28730,28735,28360,28050,28146,27712,27440,26446,25902,25755,yes,압구정로데오,1
강남구,청담동,1168056500,1168010400,31198,31350,31129,30623,30269,30185,30120,27266,25911,25489,24902,yes,청담,0
송파구,풍납1동,1171051000,1171010300,19446,19034,18782,18034,16996,16380,15518,14585,13451,12910,12286,no,-1,-1
송파구,풍납2동,1171052000,1171010300,28345,28066,27259,25842,25386,25149,25288,25703,24953,24426,23918,no,-1,-1
송파구,거여1동,1171053100,1171011300,15869,15472,15228,14774,13466,13339,13221,13077,12614,12255,12100,yes,거여,0
송파구,거여2동,1171053200,1171011300,27825,27302,24101,19609,17915,17299,16921,19330,18806,23745,23653,yes,거여,0
송파구,마천1동,1171054000,1171011400,23762,23185,23255,22912,22047,21344,20764,19909,19071,18618,18137,yes,마천,0
송파구,마천2동,1171055000,1171011400,22254,21792,21683,21128,20857,20684,20242,19719,18866,18150,17743,yes,마천,0
송파구,방이1동,1171056100,1171011100,16929,16805,16617,16358,16758,16631,16524,16298,15766,15460,15231,yes,올림픽공원,0
송파구,방이2동,1171056200,1171011100,26029,25852,25848,25446,25600,25801,26044,26675,27015,26354,26833,yes,올림픽공원,0
송파구,오륜동,1171056600,1171011100,20316,20114,19999,19714,19562,19244,18864,18495,18079,17804,17818,yes,올림픽공원,0
송파구,오금동,1171057000,1171011200,38276,37544,37291,37069,38091,41014,41067,39668,38654,38037,37669,yes,오금,1
송파구,송파1동,1171058000,1171010400,27798,27287,27046,26717,26318,26401,26026,25190,24176,24008,23654,no,-1,-1
송파구,송파2동,1171059000,1171010400,22852,22497,22275,21974,21474,21210,20862,20800,19283,18947,18674,no,-1,-1
송파구,석촌동,1171060000,1171010500,35996,35680,35478,35420,34670,34760,34309,33166,32169,31602,31333,yes,석촌,0
송파구,삼전동,1171061000,1171010600,35213,34507,34293,33851,33624,33440,32613,31839,30695,29912,29451,yes,석촌고분,2
송파구,가락본동,1171062000,1171010700,29612,29132,28918,28395,28251,28353,27876,27368,26523,25883,25489,yes,가락시장,1
송파구,가락1동,1171063100,1171010700,1754,1237,968,918,905,1115,27716,27876,27365,27521,27673,yes,가락시장,1
송파구,가락2동,1171063200,1171010700,35887,35477,35434,35064,34681,34455,33920,33204,32406,31670,31386,yes,가락시장,1
송파구,문정1동,1171064100,1171010800,22676,22383,22013,21660,21608,21731,21301,20868,20198,19916,19673,yes,세류,0
송파구,문정2동,1171064200,1171010800,18088,18158,18824,24043,27540,30140,29967,29547,29072,28841,28972,yes,세류,0
송파구,장지동,1171064600,1171010800,40509,46174,35930,35834,35217,34892,33055,30370,29693,29102,28672,yes,세류,0
송파구,잠실본동,1171065000,1171010100,31085,30965,30898,30187,29897,29756,29628,29093,28439,28358,28300,yes,잠실새내,0
송파구,잠실2동,1171067000,1171010100,37239,36799,37033,36853,36983,37069,36809,36216,35145,34876,35005,yes,잠실새내,0
송파구,잠실3동,1171068000,1171010100,37279,37168,37094,37067,36770,36546,36038,35497,34475,34143,33948,yes,잠실새내,0
송파구,잠실4동,1171069000,1171010200,31271,30842,30924,30534,30430,30089,22240,21798,21376,21223,21271,yes,잠실나루,0
송파구,잠실6동,1171071000,1171010200,17999,17848,17826,17689,17430,17461,17441,17366,16905,16713,16657,yes,잠실나루,0
송파구,잠실7동,1171072000,1171010100,10646,10474,10433,10516,10444,10369,10191,9903,9564,9427,9434,yes,잠실새내,0
송파구,위례동,1171064700,1171010900,0,0,12030,17338,28253,28835,28296,30366,39206,44613,45045,no,-1,-1
강동구,상일제1동,1174052500,1174010300,27460,26868,24471,12755,9894,11138,10773,33345,49129,51111,51226,yes,상일동,0
강동구,명일제1동,1174053000,1174010100,28415,28073,23430,23036,22609,22483,26758,26377,25941,25641,25383,yes,굽은다리,0
강동구,명일제2동,1174054000,1174010100,18911,18784,18672,18503,18210,18020,17778,17555,17568,17327,17101,yes,굽은다리,0
강동구,고덕제1동,1174055000,1174010200,17169,16835,16548,16318,27602,27469,27079,26103,24417,23919,24070,yes,고덕,0
강동구,고덕제2동,1174056000,1174010200,17801,17005,9223,8674,8232,7709,19345,22568,22329,22764,22942,yes,고덕,0
강동구,암사제1동,1174057000,1174010700,38995,38289,37753,37988,38434,37760,36693,35728,34782,34271,34015,yes,암사,0
강동구,암사제2동,1174058000,1174010700,16457,16312,16159,15502,14991,14711,14774,15507,15252,15069,14950,yes,암사,0
강동구,암사제3동,1174059000,1174010700,19213,19065,19249,19293,19028,18943,18693,18420,17947,17481,17220,yes,암사,0
강동구,천호제1동,1174060000,1174010900,31350,30573,29636,29555,29748,29144,28400,27745,26973,26670,26265,yes,천호,0
강동구,천호제2동,1174061000,1174010900,38032,37226,37065,36126,36691,36423,35904,35251,33753,33825,33425,yes,천호,0
강동구,천호제3동,1174062000,1174010900,26460,26105,26047,25857,28193,28568,27996,27085,27000,26679,26539,yes,천호,0
강동구,성내1동,2711056500,2711010800,19812,19724,19657,20992,21208,20996,20561,20353,20045,19900,19542,yes,여주,2
강동구,성내2동,2711057500,2711010900,26901,26583,26227,25979,25967,25725,25186,24948,24106,23528,24065,no,-1,-1
강동구,성내3동,2711058500,2711012900,25528,25322,25189,24628,24536,24155,23921,23692,23346,23071,22772,no,-1,-1
강동구,둔촌제1동,1174069000,1174010600,19900,19530,19264,18715,1997,317,283,262,144,73,61,yes,둔촌동,0
강동구,둔촌제2동,1174070000,1174010600,29588,29349,28988,28760,28920,28260,27752,26413,24785,24277,24417,yes,둔촌동,0
강동구,길동,1174068500,1174010500,51469,51521,51720,51434,50423,47171,46367,46868,45973,45374,45042,yes,길동,0
강동구,강일동,1174051500,1174011000,34508,34168,34023,34356,33676,32928,32127,35778,32982,33057,34283,yes,강일,0
수원시,파장동,4111156000,4111112900,24832,26382,26168,25991,25368,24962,24404,23983,23634,23047,25225,no,-1,-1
수원시,율천동,4111156600,4111113200,46447,46057,46067,45858,46644,47138,46214,45069,44035,43440,42518,yes,성균관대,0
수원시,정자1동,4111157100,4111113000,34693,35918,35506,35253,34551,31960,30878,29996,29078,28344,27789,no,-1,-1
수원시,정자2동,4111157200,4111113000,33979,33794,33409,32980,32322,31697,30884,30493,36479,36927,38198,no,-1,-1
수원시,정자3동,4111157300,4111113000,46684,46194,46027,45730,44897,44354,43654,42970,41626,40559,39850,no,-1,-1
수원시,영화동,4111158000,4111113400,24007,24197,24064,23890,23385,23278,22829,22211,21585,21063,20217,no,-1,-1
수원시,송죽동,4111159100,4111113500,19733,19557,19371,19017,21045,20726,20182,19916,19695,19383,18765,no,-1,-1
수원시,조원1동,4111159700,4111113600,33093,32869,32681,32446,31645,30356,29688,29117,28492,29531,28924,no,-1,-1
수원시,조원2동,4111159800,4111113600,20767,20543,20592,20541,20161,19890,19495,19167,18570,18080,17756,no,-1,-1
수원시,연무동,4111160000,4111113700,21929,21640,21281,21113,20437,19594,17709,17287,16906,16632,18403,no,-1,-1
수원시,세류1동,4111352000,4111312600,6546,6304,12051,12752,12508,12525,12120,11772,11253,10924,10809,no,-1,-1
수원시,세류2동,4111353000,4111312600,27887,28685,28611,28245,28050,27883,26865,26068,25820,25622,25141,no,-1,-1
수원시,세류3동,4111354000,4111312600,25679,25634,25124,24816,24750,23051,21713,20673,19897,19441,19041,no,-1,-1
수원시,평동,2920067000,2920014500,37718,37302,37023,38764,38269,43616,41964,41919,41165,41495,41820,no,-1,-1
수원시,서둔동,4111356000,4111313100,43392,43038,42704,42523,41953,40994,39912,39187,38884,38543,38639,no,-1,-1
수원시,구운동,4111365000,4111313200,28981,28871,28526,28110,27446,26577,25889,25364,24741,24430,23713,no,-1,-1
수원시,금곡동,2632053000,2632010100,26603,26603,26603,36786,45404,46029,46083,46115,45744,45169,44359,yes,미금,2
수원시,호매실동,4111366400,4111313500,26603,26603,26603,29378,31040,43126,46007,46759,46478,45708,44953,no,-1,-1
수원시,권선1동,4111367000,4111313700,26327,26325,25782,26039,25777,26138,25581,25479,25217,24916,24773,yes,수원시청,1
수원시,권선2동,4111368000,4111313700,43019,42411,46271,51209,52009,51575,50582,49798,48700,47662,46807,yes,수원시청,1
수원시,곡선동,4111369000,4111313600,31443,31689,31043,30391,29836,29229,28440,28007,28237,36026,35723,no,-1,-1
수원시,입북동,4111370000,4111314000,14445,18360,18480,18571,18213,17735,17280,17012,16636,16229,19796,no,-1,-1
수원시,매교동,4111565000,4111513200,12227,12285,12017,11848,11578,7969,6846,6836,6655,20452,22297,yes,매교,1
수원시,매산동,4111566000,4111513400,13917,14150,13934,13682,13452,11839,13433,13104,12489,10763,12224,yes,수원,2
수원시,고등동,4111567000,4111513700,14652,14487,14264,13943,13498,12378,12736,12238,22830,22696,22554,no,-1,-1
수원시,화서1동,4111568000,4111513800,28033,27998,27418,27244,26647,28109,25546,24996,24095,24529,22771,yes,화서,0
수원시,화서2동,4111569000,4111513800,29528,29807,29478,29373,28695,29824,27509,27004,25874,26528,24539,yes,화서,0
수원시,지동,4111570000,4111513900,16811,16701,16444,15935,15417,13357,13421,12665,11740,10261,10818,no,-1,-1
수원시,우만1동,4111571000,4111514000,24422,24040,23183,23520,22925,23240,21784,21098,20647,20505,19329,no,-1,-1
수원시,우만2동,4111572000,4111514000,18858,19070,18904,18858,18494,18550,17764,17543,17173,17545,17168,no,-1,-1
수원시,인계동,4111573000,4111514100,44864,45659,45674,46071,44649,38103,39383,40389,41047,39349,46852,no,-1,-1
수원시,행궁동,4111574000,4111512000,13195,13032,12622,12509,12316,12718,12136,11866,11316,11047,10239,no,-1,-1
수원시,매탄1동,4111751000,4111710100,23055,22175,21751,21631,21196,20786,20131,19562,18847,14720,13054,yes,매탄권선,1
수원시,매탄2동,4111752000,4111710100,17960,17938,17698,17314,16700,16348,15887,15625,15214,14802,14440,yes,매탄권선,1
수원시,매탄3동,4111753000,4111710100,39437,39738,39122,39383,39502,38540,37314,36885,36594,36083,35257,yes,매탄권선,1
수원시,매탄4동,4111754000,4111710100,25778,25673,25212,24802,24363,23720,22827,22335,21722,21221,20590,yes,매탄권선,1
수원시,원천동,4111755000,4111710200,20834,25188,25353,25359,25771,29947,39673,40055,39766,41748,47075,no,-1,-1
수원시,영통1동,4111757000,4111710500,94087,94247,93655,93277,108634,107276,107329,107099,106031,105748,104642,yes,망포,1
수원시,망포1동,4111759300,4111710700,47129,51455,51951,55591,52564,52989,60633,60724,60237,62241,65847,no,-1,-1
수원시,광교1동,4111760000,4111710300,48916,30573,44789,46150,50548,54198,52575,53603,53431,53449,53664,yes,광교중앙,2
수원시,광교2동,4111761000,4111710400,24458,24429,24400,25704,25753,28551,28125,29232,29531,29318,28918,no,-1,-1
용인시,포곡읍,4146125000,4146125000,33543,34566,34907,35736,35175,34167,33705,34052,34202,34119,33571,yes,둔전,1
용인시,모현읍,4146125300,4146125300,24824,25520,26638,27635,27969,27717,27325,27580,28376,28120,27810,no,-1,-1
용인시,이동읍,4146125600,4146125600,21446,21330,21464,22557,22208,21544,21360,21348,21517,21760,21518,no,-1,-1
용인시,남사읍,4146125900,4146125900,7915,7881,7964,7946,7734,21216,23762,24352,24654,24498,24813,no,-1,-1
용인시,원삼면,4146134000,4146134000,8118,8138,8279,8403,8461,8603,8870,8826,8797,8574,8638,no,-1,-1
용인시,백암면,4146135000,4146135000,9789,9797,9739,9628,9374,9265,9178,9134,9011,8995,8899,no,-1,-1
용인시,양지면,4146136000,4146136000,16505,17302,17800,18547,18864,18627,19091,19667,20038,20266,20513,no,-1,-1
용인시,중앙동,1162061500,1162010100,25192,25243,25352,26176,26563,26642,26300,26438,26769,26816,26688,yes,낙성대,0
용인시,역북동,4146152500,4146110200,16766,19386,19722,20204,24366,28628,29666,30214,32442,32511,36105,yes,명지대,1
용인시,삼가동,4146152600,4146110300,8383,9693,9861,10102,12183,12318,12453,12588,12723,12609,12444,yes,삼가,1
용인시,유림동,4146153000,4146110500,33333,33247,33444,33512,33295,34331,36327,36515,36851,36682,37774,yes,고진,1
용인시,동부동,4146154000,4146110700,14814,14925,15205,14849,14690,14295,14090,13920,13978,13889,13544,no,-1,-1
용인시,신갈동,4146351000,4146310100,36087,36255,37556,37494,37219,36954,39958,39725,39021,38583,37964,yes,신갈,1
용인시,영덕1동,4146351600,4146311100,42919,44119,44664,45400,45275,44567,47348,48658,48183,47915,50872,no,-1,-1
용인시,구갈동,4146352000,4146310200,28299,28184,28143,28012,28121,40490,43136,42923,42552,42326,41988,yes,기흥,1
용인시,보라동,4146353500,4146310500,47066,47201,47076,47314,46691,45777,47303,47552,47291,47294,47027,no,-1,-1
용인시,기흥동,4146354000,4146310700,21124,22495,22902,22983,22741,22116,21313,21591,21863,21712,21533,no,-1,-1
용인시,서농동,4146355000,4146310900,19018,20645,20774,24922,26559,26844,26321,26642,26948,27014,26202,no,-1,-1
용인시,구성동,4146356000,4146311200,40096,40556,41276,41035,40703,40083,39716,39523,40400,40048,39429,no,-1,-1
용인시,마북동,4146357000,4146311300,31506,31631,31823,32282,33065,32741,32477,32549,32144,31844,31652,yes,구성,2
용인시,동백1동,4146357200,4146311500,71527,75529,78607,80282,81561,81335,82922,84135,86764,86709,86142,no,-1,-1
용인시,상하동,4146358600,4146311700,24231,24512,24975,25544,25457,25320,25097,25189,24733,24205,23870,yes,지석,1
용인시,보정동,4146359000,4146311800,36024,35959,36375,36869,36855,36625,36279,36833,36431,35958,35590,yes,보정,1
용인시,풍덕천1동,4146551000,4146510100,77366,76931,76636,76520,79541,79593,78721,78310,77621,78088,78087,yes,수지구청,2
용인시,신봉동,4146553000,4146510500,33904,34367,36194,37142,38031,38127,38017,38281,37929,40934,41445,no,-1,-1
용인시,죽전동,2729056300,2729011200,80247,80203,80008,79895,79649,79316,79008,78848,106087,105818,105913,yes,죽전,0
용인시,동천동,2723078000,2723012400,34399,35044,35228,36606,36897,41385,46338,49943,50108,51042,51196,yes,동천,2
용인시,상현1동,4146557000,4146510700,76485,76873,76945,77477,78126,77731,78521,78461,105641,105099,105359,yes,상현,2
용인시,성복동,4146559000,4146510600,34982,36738,38187,37810,38822,40876,48383,51729,54779,54737,54888,yes,성복,2
성남시,신흥1동,4113151000,4113110100,16211,15801,15480,15657,15381,14994,14746,14391,14209,13909,13406,no,-1,-1
성남시,신흥2동,4113152000,4113110100,30664,29888,29271,22366,11432,10296,9977,20215,20338,19967,29021,no,-1,-1
성남시,신흥3동,4113153000,4113110100,12122,11899,11696,11698,11914,11922,11695,11763,11784,11641,11271,no,-1,-1
성남시,태평1동,3014068000,3014011400,19544,19470,19302,19042,18832,18261,17618,17168,17005,16948,16632,yes,가천대,0
성남시,태평2동,3014069000,3014011400,19527,18828,17923,17079,16543,16648,16463,16026,15704,15331,14917,yes,가천대,0
성남시,태평3동,4113156000,4113110200,16586,16355,16007,15702,15446,15075,14857,14473,14245,13999,13602,no,-1,-1
성남시,태평4동,4113156100,4113110200,16359,16038,15547,15440,15294,14745,14086,13661,13354,12949,12101,no,-1,-1
성남시,수진1동,4113157000,4113110300,17689,17365,16925,16452,15937,15720,15311,14615,14155,13660,13216,yes,태평,0
성남시,수진2동,4113158000,4113110300,21191,20950,20781,20362,20062,19801,18952,17991,17498,17099,16742,yes,태평,0
성남시,단대동,4113159000,4113110400,17319,17609,17380,17107,16962,16832,16409,15941,15711,15278,14681,yes,남한산성입구,0
성남시,산성동,3014074000,3014011700,15776,15441,15022,14900,14656,14017,13438,10855,5428,5011,4763,no,-1,-1
성남시,양지동,4113161000,4113110600,11098,10882,10773,10786,10554,10340,10287,10102,9997,9785,9434,no,-1,-1
성남시,복정동,4113162000,4113110700,13512,13228,12919,12900,13343,12928,12427,11746,11541,11493,11342,yes,남위례,2
성남시,위례동,1171064700,1171010900,1,1,1686,24274,40960,43912,45612,45576,45500,43644,45213,no,-1,-1
성남시,신촌동,1141058500,1141011200,3298,4439,4638,4768,4836,4919,4874,4889,4792,4777,4718,yes,신촌,0
성남시,고등동,4111567000,4111513700,2834,2500,1916,1734,1868,1755,5861,8653,10532,10772,11943,no,-1,-1
성남시,시흥동,4113165000,4113111500,3278,3210,3269,3324,3410,3468,3381,3306,3099,3432,3468,no,-1,-1
성남시,성남동,3011066500,3011011600,32126,31659,31243,31562,33184,34000,34187,34588,34413,33885,33080,yes,모란,0
성남시,중앙동,1162061500,1162010100,21619,21958,22182,18255,16128,15249,14846,14372,12306,16428,17174,yes,낙성대,0
성남시,금광1동,4113353000,4113310300,23350,22740,22061,12966,8963,7656,7313,7122,6793,13145,19690,no,-1,-1
성남시,금광2동,4113354000,4113310300,29722,29295,28444,28367,27284,26622,25746,24990,26165,25779,25096,no,-1,-1
성남시,은행1동,4113355000,4113310400,12976,12697,12338,12242,12014,11638,11155,10732,10389,10115,9725,no,-1,-1
성남시,은행2동,4113356000,4113310400,29007,28397,27849,27777,27359,26546,25550,24753,24005,23364,22372,no,-1,-1
성남시,상대원1동,4113357000,4113310500,30448,29533,28967,28843,28445,27872,27073,26312,25646,25385,24828,no,-1,-1
성남시,상대원2동,4113358000,4113310500,17416,16831,16528,16416,15959,15364,14766,14075,13141,5157,3250,no,-1,-1
성남시,상대원3동,4113359000,4113310500,15332,14746,14233,14356,14107,13695,13202,12771,12395,12451,11947,no,-1,-1
성남시,하대원동,4113366000,4113310900,23315,22906,22719,22650,22396,22190,21657,21330,20647,20174,19737,no,-1,-1
성남시,도촌동,4113367000,4113310600,24460,25043,27358,28080,27786,27417,27854,27931,27409,27090,26638,no,-1,-1
성남시,분당동,4113551000,4113510100,28808,28525,28425,28204,28047,27475,26949,26542,25805,25369,24972,no,-1,-1
성남시,수내1동,4113552000,4113510200,18211,18178,18200,18337,18329,18401,18303,18291,17779,18060,18034,yes,수내,0
성남시,수내2동,4113553000,4113510200,11333,11191,11027,11033,10980,10872,10844,10698,10488,10436,10371,yes,수내,0
성남시,수내3동,4113554000,4113510200,15500,15386,15357,15189,14970,14600,14379,14070,13790,13614,13501,yes,수내,0
성남시,정자동,4113554500,4113510300,1,1,21573,21297,21162,20655,20272,19881,19480,19238,14439,no,-1,-1
성남시,정자1동,4111157100,4111113000,50033,49955,30744,31406,31606,31631,31578,31511,30959,30562,30864,no,-1,-1
성남시,정자2동,4111157200,4111113000,18016,17713,17853,17683,17435,16978,16448,16022,15491,14988,14687,no,-1,-1
성남시,정자3동,4111157300,4111113000,17109,16937,16809,16645,16499,16257,15925,15613,16652,17074,16963,no,-1,-1
성남시,서현1동,4113558000,4113510400,33209,33040,32946,33073,32990,32870,32794,32548,32029,31488,31193,yes,서현,0
성남시,서현2동,4113559000,4113510500,20439,20136,19861,19747,19647,19291,19082,18815,18344,17927,17793,yes,야탑,0
성남시,이매1동,4113560000,4113510600,27932,27753,27562,27467,27171,26875,26423,26014,25335,24991,24904,yes,이매,2
성남시,이매2동,4113561000,4113510500,15079,14960,14808,14580,14505,14322,14123,13778,13305,13229,13171,yes,야탑,0
성남시,야탑1동,4113562000,4113510700,18898,18662,18660,18655,18421,18337,17962,17749,17330,17116,16904,no,-1,-1
성남시,야탑2동,4113563000,4113510700,18293,18077,17948,17850,17618,17391,17156,16892,16459,16133,15915,no,-1,-1
성남시,야탑3동,4113564000,4113510700,32953,32572,32010,31517,31364,30802,30114,29305,28311,27588,26997,no,-1,-1
성남시,판교동,4113565000,4113510800,22965,23592,23809,24205,24325,24394,24039,24030,26545,26636,26632,no,-1,-1
성남시,삼평동,4113565500,4113510900,26032,26231,26187,25999,25726,25532,25087,25074,24580,24377,24086,no,-1,-1
성남시,백현동,4113565700,4113511000,20652,25959,27447,29714,29372,28931,28460,27889,27068,27187,27085,no,-1,-1
성남시,금곡동,2632053000,2632010100,29976,30130,30509,30499,30373,29880,29276,28990,28088,27591,27255,yes,미금,2
성남시,구미1동,4113566500,4113511300,18804,18978,18783,18867,18700,18475,18206,17888,17246,16914,16582,yes,오리,0
성남시,구미동,4113567000,4113511400,33700,33621,33404,33491,33105,32725,32020,31503,30636,30243,28813,no,-1,-1
성남시,운중동,4113568000,4113511500,20628,20911,21283,21596,21046,21704,21559,21798,31116,33560,34798,yes,대곡,2
부천시,심곡1동,4119251000,4119210200,48794,48817,49102,48835,48120,47992,71286,69571,68545,66789,65050,no,-1,-1
부천시,역곡1동,4119257000,4119210700,117667,116900,116690,115925,114693,112094,95743,93505,92520,91494,89170,yes,역곡,0
부천시,중동,2726061000,2726010800,27547,27357,26867,25628,25335,24638,43612,43061,42155,41195,40994,no,-1,-1
부천시,중1동,4119263000,4119210800,131809,132961,135335,134909,134777,133006,131670,132661,129793,130108,128816,no,-1,-1
부천시,상동,2726062000,2726010900,115976,115323,114599,113760,112688,111719,88972,86910,85753,84088,82893,no,-1,-1
부천시,송내1동,4119459000,4119410500,96531,96091,94058,93229,92123,90299,88626,86554,86155,83239,81168,yes,송내,0
부천시,소사본동,4119453000,4119410100,63130,62519,61868,61165,60662,59989,60526,60773,59858,58645,57599,yes,소사,2
부천시,범박동,4119455000,4119410300,75514,74496,74258,83123,89990,99147,98882,98103,96521,95020,102014,no,-1,-1
부천시,성곡동,4119651000,4119610200,46173,45938,45418,44903,44222,43363,87385,84785,83351,81073,78362,yes,원종,2
부천시,오정동,3023051000,3023010100,24041,24178,24175,23917,23623,23202,88983,86865,85195,82664,80290,no,-1,-1
안산시,일동,4127151000,4127110100,28383,28591,29075,29019,29069,28081,26923,25830,25519,25382,24566,yes,한대앞,2
안산시,이동,4127151500,4127110100,31509,31629,31787,31276,30647,29080,27791,26408,26179,25864,25407,yes,한대앞,2
안산시,사동,4127152500,4127110300,39680,40012,40441,39853,39650,37850,36828,34923,34580,34148,32953,no,-1,-1
안산시,사이동,4127153200,4127110300,36364,36243,36466,36129,35567,34264,33287,33414,33106,32415,31786,no,-1,-1
안산시,해양동,4127153700,4127110300,21610,21513,21528,21565,21317,20676,20534,39272,43514,43968,43262,no,-1,-1
안산시,본오1동,4127154000,4127110400,44144,44418,44688,44660,44371,42704,41000,39392,38544,38232,37170,yes,상록수,0
안산시,본오2동,4127155000,4127110400,32524,32168,31593,31202,30820,29711,28648,27543,26907,26352,25774,yes,상록수,0
안산시,본오3동,4127156000,4127110400,25356,25016,24706,24394,23777,22736,22077,21156,20492,20142,19613,yes,상록수,0
안산시,부곡동,4127157000,4127110700,23486,23844,24295,24547,24587,23836,23092,22347,22046,21781,21296,no,-1,-1
안산시,월피동,4127158000,4127110600,46684,46389,46269,45885,45018,42598,40795,39173,38625,38153,37069,no,-1,-1
안산시,성포동,4127159000,4127110800,29697,29356,27200,26706,26454,27740,28070,26961,26410,25694,25240,no,-1,-1
안산시,반월동,4127160000,4127111000,21158,21157,21003,20594,20003,19381,18863,18377,17793,17456,17116,yes,반월,0
안산시,안산동,4127161000,4127111300,10171,10357,10282,10250,10112,9707,9484,9272,9277,9054,8845,no,-1,-1
안산시,와동,4127351000,4127310200,46944,46820,46790,46103,45435,43194,41426,40663,39973,39389,38757,no,-1,-1
안산시,고잔동,4127352500,4127310100,24008,23667,21935,21446,21320,22256,23080,22441,22065,21661,21057,no,-1,-1
안산시,중앙동,1162061500,1162010100,25391,24559,22281,22127,21719,24750,26394,25504,24871,23652,23966,yes,낙성대,0
안산시,호수동,4127353500,4127310100,44971,44683,44562,49191,48731,46975,46396,44552,44083,43427,43151,no,-1,-1
안산시,원곡동,4127354500,4127310800,30724,30538,29275,27436,27459,27337,25740,22582,20018,19759,19569,yes,안산,2
안산시,백운동,4127355500,4127310800,30724,30538,29275,27436,24544,23235,23485,22332,24752,24531,27998,yes,안산,2
안산시,신길동,4127356500,4127310300,26833,26838,26843,26848,26853,26171,25638,25126,24901,24590,24012,no,-1,-1
안산시,초지동,4127357000,4127310400,54732,54036,52451,49072,48344,47869,53598,52076,51326,51031,50449,yes,초지,2
안산시,선부1동,4127358000,4127310900,18767,17985,17188,13723,12411,12518,12442,18978,18876,18508,18365,yes,달미,2
안산시,선부2동,4127359000,4127310900,28243,28122,28367,28648,28342,26942,24704,21927,20850,20405,19703,yes,달미,2
안산시,선부3동,4127360000,4127310900,37090,36907,36893,36637,36394,38841,38388,36991,36229,35784,34996,yes,달미,2
안산시,대부동,4127361000,4127311000,7613,7696,7951,8306,8499,8678,8702,8945,9202,9399,9409,no,-1,-1
화성시,봉담읍,4159025300,4159025300,69746,69799,70937,72569,76434,77700,80726,84098,86929,90351,97397,no,-1,-1
화성시,우정읍,4159025600,4159025600,18666,19610,20028,20045,20371,20399,20064,19799,19725,20066,20254,no,-1,-1
화성시,향남읍,4159025900,4159025900,61551,65220,74066,81691,87750,90410,91277,93647,95504,95125,94461,no,-1,-1
화성시,남양읍,4159026200,4159026200,26353,27165,27998,31355,35135,40727,42691,44856,46203,52932,61435,no,-1,-1
화성시,매송면,4159031000,4159031000,8997,8824,8569,8441,8181,7817,7517,7311,7061,6967,6808,yes,야목,2
화성시,비봉면,4159032000,4159032000,6632,6615,6468,6474,6501,6510,6499,6401,6999,7410,8123,no,-1,-1
화성시,마도면,4159033000,4159033000,7764,8032,8280,8477,8780,8901,9084,9009,8909,9196,9566,no,-1,-1
화성시,송산면,4159034000,4159034000,11590,11712,11906,12012,11972,11968,11963,11861,12049,12110,12286,no,-1,-1
화성시,서신면,4159035000,4159035000,7469,7676,7786,7782,7940,8061,8090,8015,8096,8323,8581,no,-1,-1
화성시,팔탄면,4159036000,4159036000,14399,14871,14738,14718,14690,14601,14420,14039,13636,13862,14364,no,-1,-1
화성시,장안면,4159037000,4159037000,13743,14134,14076,14153,14060,13950,13690,13564,13295,13456,14077,no,-1,-1
화성시,양감면,4159040000,4159040000,6009,6138,6176,6140,6173,6200,6130,5820,5637,5873,6263,no,-1,-1
화성시,정남면,4159041000,4159041000,15445,15555,15183,14906,14561,14168,13839,13723,13501,13599,13651,no,-1,-1
화성시,새솔동,4159051500,4159014000,1,1,1,1,1,10749,18475,21674,24874,25480,25938,no,-1,-1
화성시,진안동,4159052000,4159011600,37122,37454,37011,37510,39951,43271,44291,44766,44680,44643,51435,yes,병점,0
화성시,병점1동,4159053000,4159011700,28533,29442,28926,29223,29608,29123,28801,29028,36627,37420,37058,no,-1,-1
화성시,병점2동,4159054000,4159011700,27668,27671,27082,26859,26319,25625,24856,24701,24102,23681,23129,no,-1,-1
화성시,반월동,4127160000,4127111000,19951,20021,26186,27762,31231,32165,31884,32766,32125,32368,37548,yes,반월,0
화성시,기배동,4159056000,4159012300,15387,15423,15184,15046,14808,14421,14115,13901,13775,16521,16339,no,-1,-1
화성시,화산동,4159057000,4159012200,24918,24943,24333,24317,25325,25200,24392,23973,23620,24541,28025,no,-1,-1
화성시,동탄1동,4159058500,4159012000,53173,54688,53679,54560,54200,52779,51201,52241,51713,51710,51153,no,-1,-1
화성시,동탄2동,4159058600,4159012700,35827,37378,36915,37949,37527,36975,35975,36143,35384,34942,34611,no,-1,-1
화성시,동탄3동,4159058700,4159011800,42376,44579,44254,44506,44117,43527,42146,42450,42036,41962,41153,no,-1,-1
화성시,동탄4동,4159058800,4159013000,4809,5589,46358,72129,91849,54630,53812,53557,52743,53208,53566,no,-1,-1
화성시,동탄5동,4159059000,4159013100,1,1,3795,6951,20119,35914,37486,41438,45495,46944,47343,no,-1,-1
화성시,동탄6동,4159060000,4159012900,1,1,1,1,1,72309,29193,31592,38804,42116,43973,no,-1,-1
화성시,동탄7동,4159061000,4159013500,1,1,1,1,1,1,72798,84524,86393,90972,57321,no,-1,-1
화성시,동탄8동,4159062000,4159013600,1,1,1,1,1,1,20534,27987,32177,33409,33822,no,-1,-1
화성시,동탄9동,4159063000,4159013300,1,1,1,1,1,1,1,1,1,1,39996,no,-1,-1
안양시,안양1동,4117151000,4117110100,19174,19105,18875,18313,18545,18466,15213,13024,12753,12383,12220,yes,관악,0
안양시,안양2동,4117152000,4117110100,24711,24549,24061,23977,22783,21717,22534,22625,21979,23723,23740,yes,관악,0
안양시,안양3동,4117153000,4117110100,19092,18907,18549,18363,18282,18062,17542,17435,17036,16596,16190,yes,관악,0
안양시,안양4동,4117154000,4117110100,7279,7296,7359,7576,7653,7616,7577,7541,7176,7020,6949,yes,관악,0
안양시,안양5동,4117155000,4117110100,14846,14722,14781,14448,14258,14035,13730,11136,10624,10513,10469,yes,관악,0
안양시,안양6동,4117156000,4117110100,21088,21051,21258,19580,19821,20315,20175,21610,26926,27422,27232,yes,관악,0
안양시,안양7동,4117157000,4117110100,4554,4434,4379,12689,16394,16419,16266,16026,15775,15293,15160,yes,관악,0
안양시,안양8동,4117158000,4117110100,12585,12397,12405,12482,12378,12231,11612,11428,11001,9056,8764,yes,관악,0
안양시,안양9동,4117158100,4117110100,18606,18227,18443,18551,18555,18172,17777,17782,17338,16926,16615,yes,관악,0
안양시,석수1동,4117159000,4117110100,55794,55602,55610,55010,54867,54467,53674,53709,52387,51660,51148,yes,관악,0
안양시,석수2동,4117160000,4117110200,15990,15906,15698,15407,15122,14671,14194,13783,13231,12824,12613,no,-1,-1
안양시,박달1동,4117162100,4117110300,18054,17857,17901,17644,17411,17040,16524,16094,15514,15105,14768,no,-1,-1
안양시,박달2동,4117163000,4117110300,23125,22771,23089,23403,23881,23914,23499,22934,22351,22108,21408,no,-1,-1
안양시,비산1동,2717055000,2717010200,27260,27460,27398,26707,23162,22776,22291,21721,21172,27895,28889,no,-1,-1
안양시,비산2동,4117352000,4117310100,14585,14380,14333,13940,12399,11494,11285,11127,13045,14655,14578,no,-1,-1
안양시,비산3동,4117353000,4117310100,25659,24779,24282,24167,24964,24351,23480,18492,12360,11811,11508,no,-1,-1
안양시,부흥동,4117354000,4117310100,12810,19057,18892,18592,18459,18204,17993,17642,17025,16688,16543,no,-1,-1
안양시,달안동,4117354600,4117310100,19368,12603,12602,12196,12163,11836,11414,11237,10768,10272,10026,no,-1,-1
안양시,관양동,4117355200,4117310200,56881,56800,56595,60998,61102,60864,60348,60293,59721,59434,59235,yes,인덕원,0
안양시,부림동,4117356600,4117310200,26913,26660,26423,25950,25994,25841,27686,27801,26798,26407,26087,yes,인덕원,0
안양시,평촌동,4117357000,4117310300,17049,16817,16794,16513,16463,16205,15747,15085,14525,14268,14083,no,-1,-1
안양시,평안동,4117357600,4117310300,26408,26063,25892,25467,25123,24832,24372,24137,23355,23210,22998,no,-1,-1
안양시,귀인동,4117357800,4117310300,18086,17868,17753,17641,17508,17318,17069,16866,16641,16434,16251,no,-1,-1
안양시,호계1동,4117358000,4117310400,17673,17340,16553,12105,6118,5105,8216,8328,18163,18334,21354,no,-1,-1
안양시,호계2동,4117359000,4117310400,28022,27699,27340,26058,25667,25378,24335,20478,19813,19330,18942,no,-1,-1
안양시,호계3동,4117360000,4117310400,25512,25503,25666,25559,24300,23210,22355,22137,22070,23425,23289,no,-1,-1
안양시,범계동,4117361000,4117310400,16822,16533,16520,16350,16218,16092,15883,15574,15680,15578,15410,no,-1,-1
안양시,신촌동,1141058500,1141011200,14550,14327,14211,13894,14000,13782,13433,13316,12813,12616,12421,yes,신촌,0
안양시,갈산동,4117363000,4117310400,12191,11963,11983,11855,11942,11664,11350,11280,10970,10808,10572,no,-1,-1
평택시,팽성읍,4122025000,4122025000,31374,31111,30455,30311,30387,29843,29384,29894,31484,32607,32952,no,-1,-1
평택시,안중읍,4122025300,4122025300,41405,41027,41765,42866,44539,46322,45959,45668,45572,45668,44985,no,-1,-1
평택시,포승읍,4122025600,4122025600,28712,27752,29615,29344,29135,28278,27597,27102,27497,27737,27289,no,-1,-1
평택시,청북읍,4122025900,4122025900,20629,20776,23466,26570,27615,27276,27388,28315,28723,28897,28677,no,-1,-1
평택시,진위면,4122031000,4122031000,13775,13437,13279,13093,12806,12477,11977,11906,11948,11999,11803,yes,진위,0
평택시,서탄면,4122032000,4122032000,4940,4464,5228,5233,5134,4835,4701,4630,4567,4506,4698,no,-1,-1
평택시,오성면,4122034000,4122034000,7228,9600,7582,7659,7804,7613,7333,7160,7082,7123,7007,no,-1,-1
평택시,현덕면,4122037000,4122037000,6461,7608,6349,6204,6106,5925,5702,5421,5218,5135,6054,no,-1,-1
평택시,중앙동,1162061500,1162010100,47988,48199,47576,46856,46655,46491,44957,44774,45022,44986,44094,yes,낙성대,0
평택시,서정동,4122052000,4122010100,32204,32115,31855,31324,30597,29278,27410,26289,26199,25440,24752,yes,서정리,0
평택시,송탄동,4122053500,4122010300,15877,16582,16643,16408,16180,15502,18465,20671,22834,23273,22883,no,-1,-1
평택시,지산동,4122055000,4122011000,11255,11615,12085,12077,12673,12678,12761,13310,13635,13578,13301,no,-1,-1
평택시,송북동,4122056000,4122011000,22580,23198,23441,23723,23851,23302,22676,22674,22797,22720,22185,no,-1,-1
평택시,신장1동,4122057000,4122011200,6259,6496,6785,7077,7319,7332,7378,8243,7950,8180,8306,no,-1,-1
평택시,신장2동,4122058000,4122011200,7394,7297,7190,6977,6718,6400,6206,6234,6273,5891,5703,no,-1,-1
평택시,신평동,4122059000,4122011300,24612,25524,25771,25747,25756,24932,24303,24065,24129,22454,21858,yes,평택,0
평택시,원평동,4122060000,4122011300,13720,13736,13563,13523,13215,12556,11969,11621,13597,14195,14104,yes,평택,0
평택시,통복동,4122061000,4122011400,5287,5327,5384,5191,5151,5065,4860,4781,4687,4505,4354,yes,세마,0
평택시,용이동,4122063500,4122012400,49998,50244,56417,59487,61289,68532,78873,79134,80084,79889,79769,no,-1,-1
평택시,세교동,4122064000,4122011900,24495,24034,23558,22999,22211,26077,26881,27117,29918,34293,38388,yes,평택지제,0
평택시,동삭동,4122065000,4122010500,26242,32541,38583,46106,56318,67254,75213,86389,90114,90765,94424,no,-1,-1
평택시,고덕동,4122066000,4122012800,14195,14037,12586,11992,11411,10704,15142,23435,35139,43189,56838,no,-1,-1
시흥시,대야동,4139051000,4139010100,35778,35346,34594,33403,32505,32119,33439,45122,45330,43797,43052,yes,시흥대야,2
시흥시,신천동,4139052000,4139010200,44258,43721,42963,42719,41746,40033,38267,37152,36815,35897,34591,no,-1,-1
시흥시,신현동,4139053100,4139010300,12515,12406,12064,11927,11674,11217,10738,10360,10213,9932,9559,yes,신현,2
시흥시,은행동,4139054000,4139010600,31712,31300,30955,30584,30328,38600,48700,52720,56919,56109,55620,no,-1,-1
시흥시,매화동,4139055000,4139010800,13835,13721,14109,14085,13790,13333,12839,12421,12411,12317,11971,no,-1,-1
시흥시,목감동,4139057000,4139012200,11467,11156,12649,17478,27933,39116,43620,42783,42583,42250,41716,no,-1,-1
시흥시,군자동,1121573000,1121510900,43711,26871,26509,26113,25783,24640,23749,22857,22468,21765,22468,no,-1,-1
시흥시,월곶동,4139058200,4139013100,16819,16819,16834,16650,16478,16017,15722,16552,17071,17800,18034,yes,달월,1
시흥시,정왕본동,4139058900,4139013200,34095,39188,39508,38224,37411,36172,33703,31601,30868,30545,30270,yes,오이도,2
시흥시,정왕1동,4139059100,4139013200,39037,38840,37811,37405,36416,35298,33596,32433,32159,33137,33772,yes,오이도,2
시흥시,거북섬동,4139065000,4139013200,38063,37695,36965,36499,35603,34793,34457,34403,34574,34525,41529,yes,오이도,2
시흥시,정왕3동,4139059300,4139013200,28430,28339,28081,28161,27763,26283,25286,24924,25018,24924,24505,yes,오이도,2
시흥시,정왕4동,4139059400,4139013200,25135,24974,33129,37848,52433,75192,93023,95149,95304,95507,95498,yes,오이도,2
시흥시,과림동,4139062100,4139011200,2811,2648,2565,2442,2385,2296,2251,2140,2099,2053,1973,no,-1,-1
시흥시,연성동,4139063000,4139011900,45464,25736,25386,25271,24590,23695,24652,24105,23940,24835,24412,yes,시흥시청,2
시흥시,장곡동,4139063100,4139012900,19441,19321,19154,19053,18738,18840,17627,30378,32809,37179,45229,no,-1,-1
시흥시,능곡동,4128161000,4128112000,16506,16541,16494,16325,16119,15683,17496,19374,24578,25597,25302,yes,능곡,2
김포시,통진읍,4157025000,4157025000,29829,30025,30576,30794,30751,30565,30341,30115,32288,34407,38952,no,-1,-1
김포시,고촌읍,4157025300,4157025300,25360,25385,26594,26734,27565,27570,27415,44762,48495,48211,48765,yes,고촌,2
김포시,양촌읍,4157025600,4157025600,27814,28255,28884,29724,29859,29918,29770,32306,32470,33498,34749,yes,양촌,2
김포시,대곶면,4157034000,4157034000,13892,14616,14822,15287,15572,15797,15642,14866,14583,15326,15732,no,-1,-1
김포시,월곶면,4157035000,4157035000,6904,7047,7140,7288,7421,7372,7314,6963,6704,6798,6815,no,-1,-1
김포시,하성면,4157036000,4157036000,9964,9881,9952,10074,9988,9757,9640,9509,9370,9366,9467,no,-1,-1
김포시,김포본동,4157051500,4157010100,52958,53366,53306,53002,52381,51050,51767,62683,61503,59980,59135,yes,걸포북변,2
김포시,장기본동,4157052500,4157010400,21473,26683,38188,38226,37240,37724,37955,39696,39150,39237,39544,no,-1,-1
김포시,사우동,4157054000,4157010600,22012,22026,22079,22230,21905,24983,23695,23263,23154,22381,21897,yes,풍무,2
김포시,풍무동,4157055000,4157010700,39433,44464,44638,51979,52588,56784,62007,62555,62257,61159,60773,no,-1,-1
김포시,장기동,2729056800,2729010900,33811,34974,36119,37361,41578,41810,42027,41569,41780,41678,41266,yes,장기,2
김포시,구래동,4157057000,4157010900,20620,26672,31372,34098,45631,63545,39651,42301,45806,45988,45924,yes,구래,2
김포시,마산동,4157057500,4157010800,16105,20012,17327,18361,28465,34608,30768,32204,36437,36435,35996,no,-1,-1
김포시,운양동,4157058000,4157010300,21473,26683,23103,24481,37953,46144,49564,49974,50270,49643,49785,yes,운양,2
광명시,광명1동,4121051000,4121010100,15968,15519,15123,14709,14156,12999,7696,757,185,89,71,yes,광명사거리,0
광명시,광명2동,4121052000,4121010100,12671,12545,12439,12026,11725,11361,10303,3917,3375,3138,3078,yes,광명사거리,0
광명시,광명3동,4121054000,4121010100,11982,11759,11565,11423,11184,11111,11003,10775,10569,10331,10335,yes,광명사거리,0
광명시,광명4동,4121055000,4121010100,16556,16254,16158,15908,15576,15328,15094,14836,13913,12305,7877,yes,광명사거리,0
광명시,광명5동,4121056000,4121010100,17005,16576,16342,16181,15891,15498,15336,15110,13778,12274,12261,yes,광명사거리,0
광명시,광명6동,4121057000,4121010100,16135,16212,16052,15729,14877,13153,11523,10990,10580,12820,13868,yes,광명사거리,0
광명시,광명7동,4121058000,4121010100,26086,25510,25160,24510,20708,19221,17676,18262,21570,20898,22217,yes,광명사거리,0
광명시,철산1동,4121059000,4121010200,14438,14303,14233,14077,13855,13566,13275,11262,10990,10746,10597,yes,철산,0
광명시,철산2동,4121060000,4121010200,18114,17692,17285,16902,16295,15581,14223,9692,5971,5788,5563,yes,철산,0
광명시,철산3동,4121061000,4121010200,38650,38505,38406,37948,36157,34119,33669,33061,34949,37512,36888,yes,철산,0
광명시,철산4동,4121062000,4121010200,15819,15442,15265,14993,14610,14248,14062,13714,13236,11476,9450,yes,철산,0
광명시,하안1동,4121063100,4121010300,29217,29117,28621,28394,27986,27352,27134,26848,26172,25729,25542,no,-1,-1
광명시,하안2동,4121063200,4121010300,16579,16307,16266,16003,15581,15098,14677,14287,13926,13601,13301,no,-1,-1
광명시,하안3동,4121063300,4121010300,23973,23673,23403,23199,22501,21917,21408,20802,20117,19528,19198,no,-1,-1
광명시,하안4동,4121063400,4121010300,14779,14518,14325,14203,13787,13449,13133,12750,12414,12213,11906,no,-1,-1
광명시,소하1동,4121064000,4121010400,32827,32945,33013,32740,32495,32628,32588,32270,31824,30997,30345,no,-1,-1
광명시,일직동,4121065500,4121010600,34063,34178,34402,33933,38758,44018,47317,51454,50746,50606,50657,yes,광명,0
광명시,학온동,4121066000,4121010500,2845,2784,2659,2525,2491,2467,2377,2281,2156,2086,1987,no,-1,-1
광주시,초월읍,4161025300,4161025300,39587,40753,42597,44114,44986,45651,46145,48537,48722,50518,53104,yes,초월,2
광주시,곤지암읍,4161025900,4161025900,25134,25383,25417,25827,25947,25886,25744,25514,25481,25210,24931,yes,곤지암,2
광주시,도척면,4161033000,4161033000,9804,9896,10067,10130,10220,10402,10310,10455,10517,10460,10633,no,-1,-1
광주시,퇴촌면,4161034000,4161034000,12406,12912,13440,13748,14150,14342,14499,15191,15961,15972,15922,no,-1,-1
광주시,남종면,4161035000,4161035000,1656,1645,1621,1633,1609,1546,1512,1502,1497,1476,1432,no,-1,-1
광주시,남한산성면,4161037000,4161037000,3001,2967,3030,3003,2932,2855,2734,2623,2507,2383,2326,no,-1,-1
광주시,경안동,4161051000,4161010100,37315,37096,37172,41009,42535,45944,45174,44806,44767,44607,44337,yes,경기광주,2
광주시,송정동,1120072000,1120011800,50849,53431,55794,58193,60297,61117,61703,62187,62121,61749,63878,yes,용답,0
광주시,광남1동,4161056000,4161010700,42070,44074,45740,46661,56251,63030,67590,68973,68357,68701,67645,no,-1,-1
광주시,신현동,4139053100,4139010300,74561,81544,89178,95519,99444,106046,110229,114166,114946,118014,116772,yes,신현,2
군포시,군포1동,4141051000,4141010100,87655,94498,95000,94753,94782,93570,92263,91850,81862,81030,80097,yes,군포,0
군포시,산본1동,4141054000,4141010400,22312,22277,22352,21667,20978,20065,18979,18240,17515,17133,16662,yes,산본,0
군포시,산본2동,4141055000,4141010400,31158,30633,30397,30089,29617,28720,28055,27493,26813,26032,25703,yes,산본,0
군포시,금정동,4141056000,4141010500,20517,19926,19947,20414,20054,19277,18628,18364,18005,20402,20267,yes,금정,0
군포시,재궁동,4141057000,4141010500,23257,22672,22299,21959,21600,20810,19957,19405,18704,18257,17763,yes,금정,0
군포시,오금동,1171057000,1171011200,25685,25319,25014,24791,24438,23626,22888,22353,21520,21071,20609,yes,오금,1
군포시,수리동,4141059000,4141010400,20438,19987,19643,19129,18708,18054,17456,16924,16346,15970,15556,yes,산본,0
군포시,궁내동,4141060000,4141010400,23094,22791,22603,22406,22223,21640,21433,21145,20585,20165,19933,yes,산본,0
군포시,광정동,4141062000,4141010400,27881,27605,27359,26992,26801,14039,25897,25584,24889,24271,23954,yes,산본,0
군포시,송부동,4141063000,4141010300,10003,9944,10102,10225,10085,26523,20034,20706,30247,30380,30188,no,-1,-1
이천시,장호원읍,4150025000,4150025000,16342,16535,16277,16349,16135,15877,15436,15245,15040,14855,14763,no,-1,-1
이천시,부발읍,4150025300,4150025300,39357,38377,38865,38630,37935,37541,36659,36661,36664,36811,37187,yes,부발,2
이천시,신둔면,4150031000,4150031000,11417,11412,11549,11967,12840,13531,13860,14278,14432,14736,14837,yes,신둔도예촌,2
이천시,백사면,4150032000,4150032000,10793,10815,11110,11403,11646,11955,12010,12158,12270,12457,12613,no,-1,-1
이천시,호법면,4150033000,4150033000,6025,6242,6298,6408,6408,6407,6240,6425,6460,6632,6691,no,-1,-1
이천시,마장면,4150034000,4150034000,8436,8313,8334,10867,11126,11382,13311,14972,16007,16401,16571,no,-1,-1
이천시,대월면,4150035000,4150035000,14289,14109,13927,14292,14210,15195,14851,14835,14979,14807,14805,no,-1,-1
이천시,모가면,4150036000,4150036000,5128,5076,5079,5108,5159,5148,5077,4955,4864,4850,4835,no,-1,-1
이천시,설성면,4150037000,4150037000,5554,5496,5451,5506,5373,5235,5153,5021,4994,4993,5048,no,-1,-1
이천시,율면,4150038000,4150038000,3185,3274,3289,3292,3258,3186,3090,2996,2979,2968,3032,no,-1,-1
이천시,창전동,4150051000,4150010100,19890,19918,19548,19273,18856,18539,18046,17814,17500,17260,16723,no,-1,-1
이천시,증포동,4150051500,4150010700,44459,45075,45249,47889,51396,51627,53897,54091,57644,57579,57973,no,-1,-1
이천시,중리동,3023054600,3023010900,15041,15375,15261,14969,14777,15096,15071,15378,15525,15628,16233,no,-1,-1
이천시,관고동,4150053000,4150010200,10663,10807,10825,10878,10902,10866,10648,10589,10496,10157,9954,no,-1,-1
오산시,중앙동,1162061500,1162010100,31163,31119,30346,29864,32010,35194,37690,38083,37244,36865,36398,yes,낙성대,0
오산시,남촌동,4137053000,4137010100,25551,26188,26345,25681,25078,24208,23186,23232,23566,23455,26791,no,-1,-1
오산시,신장1동,4122057000,4122011200,50989,53935,54022,55452,59586,61442,60497,61943,62092,61735,60741,no,-1,-1
오산시,세마동,4137055000,4137011100,18465,18902,19184,19784,20240,26044,31699,32484,32460,32411,32372,yes,서동탄,0
오산시,초평동,4137056000,4137011600,17794,17700,17477,17410,17093,16360,16571,16531,16468,17092,16854,no,-1,-1
오산시,대원1동,4137052300,4137010100,67382,67975,67535,68508,67858,66272,66432,66683,66749,66860,66003,no,-1,-1
하남시,천현동,4145051000,4145010100,8586,8619,8604,8322,8304,8034,8021,8071,7644,7189,6583,yes,하남검단산,2
하남시,신장1동,4122057000,4122011200,7499,7390,7187,6846,6712,6428,6457,6794,6734,6784,7007,no,-1,-1
하남시,신장2동,4122058000,4122011200,45654,45182,44755,43812,45387,45619,45966,45737,47039,46447,45992,no,-1,-1
하남시,덕풍1동,4145054000,4145010800,18958,18670,18415,17863,17742,17006,16626,16473,15691,15049,14616,yes,하남풍산,2
하남시,덕풍2동,4145055000,4145010800,22568,22220,21735,20907,20510,19559,19820,19683,19134,18660,18226,yes,하남풍산,2
하남시,덕풍3동,4145056000,4145010800,26415,26538,26391,27245,27355,26852,25772,25892,25563,25495,25311,yes,하남풍산,2
하남시,감일동,4145058200,4145011400,6529,5950,4687,4250,4144,4160,6457,17161,34333,38768,42706,no,-1,-1
하남시,위례동,1171064700,1171010900,0,0,1778,14728,17399,19336,19298,19293,27499,31911,35312,no,-1,-1
하남시,춘궁동,4145059000,4145011700,4166,4065,4131,4113,4044,4142,4244,4171,3943,3290,1930,no,-1,-1
하남시,초이동,4145060000,4145012200,3598,3743,3983,3925,4072,4029,3912,3875,3605,3497,3317,no,-1,-1
하남시,미사1동,4145061000,4145010900,0,1653,6347,21058,27459,32865,41406,49677,53743,54033,54373,no,-1,-1
하남시,미사2동,4145062000,4145010900,0,5484,19307,34702,40630,47843,48429,48358,47521,47437,47091,no,-1,-1
하남시,미사3동,4145063000,4145011000,2804,1131,1144,5170,10876,20887,28326,30435,29960,29993,29998,no,-1,-1
안성시,공도읍,4155025000,4155025000,58538,58964,58417,58117,58546,58807,59124,60896,61754,61667,63335,no,-1,-1
안성시,보개면,4155031000,4155031000,6534,6424,6374,6300,6335,6092,5843,5735,5676,5610,5515,no,-1,-1
안성시,금광면,4155032000,4155032000,8677,8680,8737,8540,8471,8112,7797,7647,7481,7517,7538,no,-1,-1
안성시,서운면,4155033000,4155033000,4512,4506,4462,4436,4316,4106,3915,3796,3687,3621,3565,no,-1,-1
안성시,미양면,4155034000,4155034000,8264,8384,8297,7759,7237,6773,6410,6514,6485,6420,6443,no,-1,-1
안성시,대덕면,4155035000,4155035000,12536,12819,12830,18700,19262,19113,18722,18223,18145,18800,19060,no,-1,-1
안성시,양성면,4155036000,4155036000,6148,6171,6044,6065,6052,5873,5791,5766,5671,5599,5657,no,-1,-1
안성시,원곡면,4155038000,4155038000,5594,5688,5627,5645,5658,6420,6661,6837,7034,7096,7007,no,-1,-1
안성시,일죽면,4155039000,4155039000,8949,8918,8920,8810,8740,8569,8444,8345,8187,8147,8267,no,-1,-1
안성시,죽산면,4155040000,4155040000,7902,7989,7997,7976,7987,7848,7474,7383,7437,7455,7487,no,-1,-1
안성시,삼죽면,4155041000,4155041000,3926,3920,3958,4025,4021,3955,3923,3934,4039,4163,4202,no,-1,-1
안성시,고삼면,4155042000,4155042000,2148,2154,2182,2175,2184,2127,2052,2100,2067,2042,2068,no,-1,-1
안성시,안성1동,4155051000,4155010100,13492,13515,13136,12802,12914,13621,13277,13027,12833,12619,12419,no,-1,-1
안성시,안성2동,4155052000,4155011200,19399,19461,19411,19316,19866,22978,23070,24629,26716,27110,27241,no,-1,-1
안성시,안성3동,4155053000,4155011400,23586,23359,23058,22081,21853,20560,22704,23402,23196,23066,23045,no,-1,-1
의왕시,고천동,4143051000,4143010100,13174,12943,12874,12868,12822,12634,12178,14798,14360,13898,13713,no,-1,-1
의왕시,부곡동,4127157000,4127110700,26891,26481,26312,26692,26893,26491,28579,29963,29778,28314,29333,no,-1,-1
의왕시,오전동,4143053000,4143010500,43072,42572,42015,40279,39702,39692,38807,38005,39515,38926,37412,no,-1,-1
의왕시,내손1동,4143054000,4143010700,23265,23159,23022,22927,22516,21898,21418,21345,20845,20434,20212,no,-1,-1
의왕시,내손2동,4143055000,4143010700,34162,33881,33744,33543,33387,32545,29929,23546,22444,21987,21764,no,-1,-1
의왕시,청계동,4143056000,4143010600,20459,20861,21158,21688,21637,21824,31433,37200,37421,37645,37498,no,-1,-1
여주시,가남읍,4167025000,4167025000,16928,16908,16909,16865,16713,16603,16325,16365,15973,15635,15399,no,-1,-1
여주시,점동면,4167031000,4167031000,4847,4897,4964,4997,4969,4877,4737,4801,4879,4924,4894,no,-1,-1
여주시,흥천면,4167032000,4167032000,5542,5470,5597,5544,5567,5481,5409,5454,5382,5463,5471,no,-1,-1
여주시,금사면,4167033000,4167033000,3129,3419,3190,3166,3152,3098,3059,3077,3035,3046,2996,no,-1,-1
여주시,세종대왕면,4167034500,4167034500,6922,6726,6926,6881,6767,6876,6787,6707,6562,6366,6223,yes,세종대왕릉,2
여주시,대신면,4167035000,4167035000,7902,7598,7862,7843,7948,7757,7504,7383,7230,7147,7032,no,-1,-1
여주시,북내면,4167036000,4167036000,5381,5623,5397,5393,5311,5125,5143,5064,5065,4965,4921,no,-1,-1
여주시,강천면,4167037000,4167037000,3783,3789,3900,4007,4142,4211,4276,4327,4431,4473,4525,no,-1,-1
여주시,산북면,4167038000,4167038000,2544,2660,2603,2646,2617,2658,2659,2625,2611,2614,2623,no,-1,-1
여주시,여흥동,4167051000,4167010100,22385,21994,22209,22107,22518,22579,22493,22330,22185,21850,21398,no,-1,-1
여주시,중앙동,1162061500,1162010100,20679,20094,19833,20164,20115,19685,19198,19030,19075,21464,24777,yes,낙성대,0
여주시,오학동,4167053000,4167012000,11903,14108,14658,15015,15677,16124,17069,18195,18889,18705,18277,no,-1,-1
과천시,중앙동,1162061500,1162010100,10289,10171,10122,6939,6891,6758,6761,11138,10952,10978,11376,yes,낙성대,0
과천시,갈현동,4129052000,4129010200,14762,14593,14448,14314,11376,10980,10897,11033,16913,21484,26878,no,-1,-1
과천시,별양동,4129053000,4129010900,16238,16026,15949,13198,11179,10971,10822,10363,13871,14618,14696,yes,과천,0
과천시,부림동,4117356600,4117310200,14161,13965,12728,12488,10468,11681,11873,13114,15020,14913,14680,yes,인덕원,0
과천시,과천동,4129055000,4129010500,8379,8484,8680,9253,9618,9731,9923,9800,9274,9003,6717,yes,경마공원,0
과천시,문원동,4129056000,4129010200,7046,7209,7293,7821,8206,8204,8186,7949,7498,7333,6872,no,-1,-1
양평군,양평읍,4183025000,4183025000,29682,30061,30489,30931,31170,30978,30864,30912,31217,32459,35890,yes,양평,0
양평군,강상면,4183031000,4183031000,7667,7870,8257,8466,9791,10083,10145,10544,10593,10375,10144,no,-1,-1
양평군,강하면,4183032000,4183032000,4271,4312,4430,4458,4564,4624,4656,4742,4888,4916,4904,no,-1,-1
양평군,양서면,4183033000,4183033000,11004,11288,11996,12228,12570,12787,13086,13698,14041,14088,14002,yes,국수,0
양평군,옥천면,4183034000,4183034000,7091,7307,7453,7455,7552,7762,7859,8003,8400,8394,8201,yes,아신,0
양평군,서종면,4183035000,4183035000,7848,7954,8386,8710,9091,9248,9498,9709,10028,10126,10076,no,-1,-1
양평군,단월면,4183036000,4183036000,3536,3576,3656,3734,3823,3852,3967,3887,3924,3935,3970,no,-1,-1
양평군,청운면,4183037000,4183037000,3778,3777,3824,3789,3818,3762,3773,3796,3840,3848,3836,no,-1,-1
양평군,양동면,4183038000,4183038000,4666,4638,4668,4702,4722,4657,4660,4673,4741,4679,4655,no,-1,-1
양평군,지평면,4183039500,4183039500,6707,6852,6933,6998,7155,7153,7116,7151,7334,7356,7185,yes,지평,2
양평군,용문면,4183040000,4183040000,13931,14314,14700,16340,17259,17518,17524,17807,18158,18152,18599,yes,용문,0
양평군,개군면,4183041000,4183041000,4692,4825,4993,5069,5183,5246,5226,5252,5375,5376,5279,no,-1,-1
고양시,주교동,4128151000,4128110100,19397,18842,18329,17918,17305,16734,16059,15327,14696,11605,11153,yes,원당,0
고양시,원신동,4128152000,4128110200,11912,13994,16261,19328,22295,24501,24155,23886,23753,23457,23070,no,-1,-1
고양시,흥도동,4128153000,4128110400,10411,24091,31138,32665,36703,42797,44880,45754,48745,29930,29804,yes,원흥,0
고양시,성사1동,4128154000,4128110100,26834,26402,26072,25541,24967,23641,22507,22262,22161,22002,21558,yes,원당,0
고양시,성사2동,4128155000,4128110100,12818,12477,12363,12366,12371,12117,11797,11581,11391,11025,10794,yes,원당,0
고양시,효자동,4128156000,4128110700,2711,2480,2398,2426,2533,2638,5073,11672,15388,21326,24048,yes,지축,0
고양시,삼송1동,4128157600,4128110900,7254,8082,17971,19626,19848,20210,22058,23189,25585,48657,50873,yes,삼송,0
고양시,창릉동,4128158000,4128110900,10216,10878,11964,12773,13508,15051,20024,21348,23737,24142,23560,yes,삼송,0
고양시,고양동,4128159000,4128111400,33596,33549,33443,33435,32976,32098,31458,30775,30051,29479,28908,no,-1,-1
고양시,관산동,4128160000,4128111700,31192,33191,34655,35588,36435,37217,37250,37294,37061,36536,35674,no,-1,-1
고양시,능곡동,4128161000,4128112000,20326,20101,19972,19859,19395,16995,16193,15832,15531,16162,18466,yes,능곡,2
고양시,화정1동,2914076000,2914011900,43462,42656,41940,41460,40848,40301,39022,38392,37703,36964,36328,yes,화정,0
고양시,화정2동,2914077000,2914011900,36504,35978,35797,35672,35252,34593,34093,33643,32901,32128,31639,yes,화정,0
고양시,행주동,4128163000,4128112000,23001,22570,22357,22335,21919,21554,20524,19582,19070,18481,16659,yes,능곡,2
고양시,행신1동,4128164000,4128112800,25613,25145,24702,24412,24058,23636,22752,22241,21593,21341,20814,yes,강매,1
고양시,행신2동,4128165000,4128112400,37229,36289,35825,35506,34946,34183,33259,32580,31881,31063,30562,no,-1,-1
고양시,행신3동,4128165500,4128112800,52386,51567,51014,50390,49580,48542,47484,46336,45362,44139,43628,yes,강매,1
고양시,화전동,4128166000,4128112900,5092,5965,6030,6128,6077,6056,19614,27153,28051,28202,28223,no,-1,-1
고양시,대덕동,4128167000,4128112900,4777,4633,4520,3629,2577,2545,2837,2554,2538,8046,16227,no,-1,-1
고양시,식사동,4128551000,4128510100,29805,31537,32796,33183,33465,34644,34618,36233,37621,41051,41256,no,-1,-1
고양시,중산1동,4128552500,4128510200,45678,45317,45164,45071,44523,48841,48166,47902,47087,45946,45075,no,-1,-1
고양시,정발산동,4128553000,4128510300,28917,28448,28181,27644,27013,26063,24831,24118,23712,23014,22279,no,-1,-1
고양시,풍산동,4128554000,4128510700,39613,39495,39263,39628,40116,40048,39882,39388,38881,37990,37414,yes,행신,0
고양시,백석1동,4128555100,4128510600,27928,27424,27123,33065,33380,32570,31627,31100,30537,29838,29323,no,-1,-1
고양시,백석2동,4128555200,4128510600,22891,22729,22630,22451,22340,21858,21158,21174,21079,20609,20403,no,-1,-1
고양시,마두1동,4128556000,4128510500,27800,27394,27072,26772,26277,25717,25104,24605,24167,23563,23170,yes,마두,0
고양시,마두2동,4128557000,4128510500,18013,17675,17644,17505,17435,17074,16734,16669,16279,15792,15601,yes,마두,0
고양시,장항1동,4128558000,4128510400,3545,3461,3416,3478,3464,3540,9779,11197,11737,11484,11265,no,-1,-1
고양시,장항2동,4128559000,4128510400,27358,27339,27604,27567,27566,27014,26517,27202,27443,27144,26967,no,-1,-1
고양시,고봉동,4128560000,4128510900,16410,17515,19003,20407,22193,23199,23556,24100,24066,23720,23153,no,-1,-1
고양시,일산1동,4128751000,4128710100,30342,30551,30757,30418,30141,29386,28672,28080,27286,26518,25984,no,-1,-1
고양시,일산2동,4128752000,4128710100,23073,22767,22498,22169,21722,21130,20296,19630,19121,18662,19920,no,-1,-1
고양시,일산3동,4128753000,4128710100,40061,39575,39071,38633,38227,37531,36719,36166,35313,34290,34021,no,-1,-1
고양시,탄현1동,4128754500,4128710300,47652,50792,50882,50541,50086,52530,53230,52473,51570,50419,49665,no,-1,-1
고양시,주엽1동,4128755000,4128710200,31420,31021,30718,30382,29893,29313,28501,28236,27974,27357,26958,yes,주엽,0
고양시,주엽2동,4128756000,4128710200,32964,32312,32088,31694,31327,30779,29759,29454,28929,27954,27403,yes,주엽,0
고양시,대화동,3023052000,3023010200,34545,33760,34082,33658,32884,31583,35305,37044,36604,35830,35239,yes,대화,0
고양시,송포동,4128758000,4128710400,17687,17529,17426,17952,18170,17957,21707,22027,21702,21176,20801,no,-1,-1
고양시,덕이동,4128760000,4128710500,41509,42482,45670,48695,50421,50667,51659,52539,52033,51111,50196,yes,탄현,0
남양주시,와부읍,4136025000,4136025000,71638,70771,70519,69627,68913,66883,64658,62798,60486,58475,57842,yes,덕소,0
남양주시,진접읍,4136025300,4136025300,97183,97054,97652,97816,97330,96562,95824,94960,95259,98177,98520,no,-1,-1
남양주시,화도읍,4136025600,4136025600,98623,99597,102404,106335,109286,112758,116353,117487,117640,153956,152805,yes,마석,0
남양주시,진건읍,4136025900,4136025900,29027,28649,28137,28012,27308,26464,25553,24888,23998,22781,21499,yes,사릉,0
남양주시,오남읍,4136026200,4136026200,56178,55854,55740,55769,55529,55010,54279,54226,54052,53255,52395,no,-1,-1
남양주시,퇴계원읍,4136026500,4136026500,29794,32274,32994,32384,31906,31169,30553,29955,29037,28367,27652,yes,퇴계원,0
남양주시,별내면,4136031000,4136031000,22159,21813,21589,21319,20942,20723,20264,19897,19636,19092,18626,no,-1,-1
남양주시,수동면,4136034000,4136034000,8867,9014,8932,9497,9695,9384,9537,9524,9364,9338,9291,no,-1,-1
남양주시,조안면,4136036000,4136036000,4298,4351,4534,4476,4463,4805,4328,4232,4118,4013,3903,yes,운길산,2
남양주시,호평동,4136051000,4136010100,43899,45970,49318,50441,51604,51040,50910,51071,57713,56989,56601,no,-1,-1
남양주시,평내동,4136052000,4136010200,42596,42434,42268,41979,40780,36565,34730,36808,36788,37906,38049,yes,평내호평,0
남양주시,금곡동,2632053000,2632010100,22586,22411,22257,22031,21541,20796,19621,19085,18538,17963,17814,yes,미금,2
남양주시,양정동,3120058000,3120012400,5674,5519,5432,5384,5162,5006,4773,4722,4312,3818,3004,no,-1,-1
남양주시,다산1동,4136054500,4136011200,38652,39615,39628,39374,39946,64082,74772,77348,92040,100445,102260,no,-1,-1
남양주시,다산2동,4136056500,4136010800,17780,17067,16970,19399,17971,17668,32042,36420,35623,35649,36364,yes,도농,0
남양주시,별내동,4136057000,4136011100,34789,49799,61259,64853,69744,70050,71110,74452,79569,80365,81027,yes,별내,0
의정부시,의정부1동,4115051000,4115010100,36243,36175,35975,35840,32719,32274,31885,32834,33794,38704,40404,yes,가능,0
의정부시,의정부2동,4115052000,4115010100,28400,28460,28560,28589,28105,30259,32794,31920,32066,30879,30533,yes,가능,0
의정부시,호원1동,4115054500,4115010200,33092,34323,35188,35614,36261,36970,37086,36739,36613,35734,35080,no,-1,-1
의정부시,호원2동,4115055500,4115010200,38265,38223,37930,37664,37425,36696,36145,35401,34943,33963,33196,no,-1,-1
의정부시,장암동,4115056100,4115010300,22108,21768,21494,20965,20455,20131,19676,20758,20319,19520,19078,yes,장암,0
의정부시,신곡1동,4115056700,4115010400,46576,45746,45247,44744,43852,42693,45575,44161,42780,40848,39662,yes,경기도청북부청사,1
의정부시,신곡2동,4115056800,4115010400,48744,48133,48059,47640,46923,45991,44883,48436,47832,46643,45648,yes,경기도청북부청사,1
의정부시,송산1동,4115057300,4115010500,35788,35479,35202,34479,32044,30206,29315,39972,43770,50395,57719,no,-1,-1
의정부시,송산2동,4115057600,4115010600,44079,46379,50081,55823,68368,78529,81138,80663,81160,80458,79659,no,-1,-1
의정부시,자금동,4115058000,4115010800,31240,31101,30890,30664,30205,29459,28380,27303,27382,26717,25992,no,-1,-1
의정부시,가능동,4115059500,4115010100,25977,25347,25197,25211,25103,25458,26927,26452,26268,25427,24610,yes,가능,0
의정부시,흥선동,4115061500,4115010100,21379,21014,20672,21867,21675,20616,20049,19397,19830,19436,19735,yes,가능,0
의정부시,녹양동,4115062000,4115011100,23810,23588,23835,23734,23391,23131,22923,22419,21835,21057,20379,yes,녹양,0
파주시,문산읍,4148025000,4148025000,47256,47342,48840,51371,51254,50285,49655,49246,49193,48644,47777,yes,문산,2
파주시,파주읍,4148025300,4148025300,14578,14988,14863,14306,14514,14304,14071,14069,14436,14941,15163,yes,파주,0
파주시,법원읍,4148025600,4148025600,13582,13121,12860,12640,12499,12137,11802,11442,11047,10929,10738,no,-1,-1
파주시,조리읍,4148026200,4148026200,32593,31726,31779,32615,32445,32494,31804,31232,30807,30325,29783,no,-1,-1
파주시,월롱면,4148031000,4148031000,15274,15008,14615,12954,12658,11266,10309,9727,10072,10197,9588,yes,월롱,0
파주시,탄현면,4148032000,4148032000,14404,14388,14588,14887,15069,14934,14684,14231,14408,14440,14449,no,-1,-1
파주시,광탄면,4148035000,4148035000,13735,13026,12975,14085,13832,13665,13459,13118,12768,12758,12695,no,-1,-1
파주시,파평면,4148036000,4148036000,4429,4374,4290,4310,4288,4268,4171,4118,4074,4071,3951,no,-1,-1
파주시,적성면,4148037000,4148037000,8498,8291,8231,8145,8138,7945,7854,7810,7664,7531,7351,no,-1,-1
파주시,장단면,4148039000,4148038000,861,843,799,799,797,769,725,726,734,729,724,yes,도라산,2
파주시,금촌1동,4148051000,4148010100,23773,23737,24033,24144,24012,22945,23258,22944,22794,22914,22246,yes,금릉,0
파주시,금촌2동,4148052000,4148010100,37232,36423,36192,36154,35722,34547,34249,33418,33044,32321,31817,yes,금릉,0
파주시,금촌3동,4148053000,4148010100,28907,29206,29275,29469,29125,28516,28066,27742,28020,26949,26181,yes,금릉,0
파주시,교하동,4148054000,4148010700,43450,42013,42573,43613,43537,42422,42263,42964,52149,67389,8372,yes,운정,0
파주시,운정1동,4148055000,4148010700,32686,38282,43981,44828,45541,45358,45551,46218,52229,53439,47955,yes,운정,0
파주시,운정2동,4148056000,4148011700,29341,36501,37572,38170,41652,57721,60539,63080,62945,62662,65197,no,-1,-1
파주시,운정3동,4148057000,4148010800,49559,51257,55586,58529,63441,69546,73144,84187,87119,87209,69964,yes,야당,1
양주시,백석읍,4163025000,4163025000,29959,29654,29444,29135,28579,28101,27420,27028,26884,26494,25842,no,-1,-1
양주시,은현면,4163031000,4163031000,8572,8390,8208,8126,7927,7811,7712,7315,6992,7098,6947,no,-1,-1
양주시,남면,4163032000,4163032000,8905,9314,9221,9065,8855,8698,8445,8048,7915,7917,7659,no,-1,-1
양주시,광적면,4163033000,4163033000,13316,13294,13140,13392,13951,14056,13696,13238,13113,13058,12696,no,-1,-1
양주시,장흥면,4163034000,4163034000,10366,10195,10333,10216,10396,10485,10435,10599,11165,11725,12131,no,-1,-1
양주시,양주1동,4163051000,4163010100,6816,6683,6493,6369,6085,5847,5644,5449,5294,5072,4843,yes,양주,0
양주시,양주2동,4163052000,4163010600,54386,53867,54483,54911,53870,52739,51806,50829,50475,51530,51189,no,-1,-1
양주시,회천1동,4163053000,4163011000,8320,10503,11043,10915,10663,10499,10460,10326,10294,10045,9685,yes,덕정,0
양주시,회천2동,4163054000,4163011600,29834,29331,29313,29253,28629,28240,28043,27778,27839,27798,37319,yes,덕계,0
양주시,회천3동,4163055000,4163011000,30335,29820,29905,30057,29690,29166,28741,28094,27697,26989,25958,yes,덕정,0
양주시,옥정1동,4163057000,4163011200,5520,8451,10855,11372,20622,28608,37376,48666,55403,63194,82391,no,-1,-1
구리시,갈매동,4131051000,4131010100,1703,1490,1432,12732,21664,30410,31473,31607,30814,30272,30421,yes,갈매,0
구리시,동구동,4131052000,4131010200,42949,42415,42402,41546,41140,40116,39214,38402,37421,36647,36061,yes,구리,0
구리시,인창동,4131053000,4131010300,26087,25678,26310,25489,24977,24464,23810,23655,23367,23042,23936,no,-1,-1
구리시,교문1동,4131054100,4131010400,18236,18044,18037,17710,17727,17165,16736,16589,16438,15924,15252,no,-1,-1
구리시,교문2동,4131054200,4131010400,25217,24942,24790,24294,24026,23432,22723,22441,21894,21399,21290,no,-1,-1
구리시,수택1동,4131057000,4131010400,24103,23771,23367,22826,22146,20979,19846,18229,15818,15685,15400,no,-1,-1
구리시,수택2동,4131058000,4131010400,27811,27396,27480,26643,26200,25336,24437,25863,25403,25345,24866,no,-1,-1
구리시,수택3동,4131059000,4131010500,24923,24466,24337,23913,23579,23075,22516,22070,22196,21896,21408,no,-1,-1
포천시,소흘읍,4165025000,4165025000,50338,49907,49475,49112,48172,47419,46741,45683,47347,46516,45639,no,-1,-1
포천시,군내면,4165031000,4165031000,7517,7535,7369,7472,8296,9842,9799,9626,9608,9571,9834,no,-1,-1
포천시,내촌면,4165032000,4165032000,5922,6117,6170,6103,5983,5900,5733,5532,5366,5377,5346,no,-1,-1
포천시,가산면,4165033000,4165033000,11801,11910,11710,11753,11421,11252,11238,10832,10401,10607,10618,no,-1,-1
포천시,신북면,4165034000,4165034000,14770,14739,14740,14630,14270,14018,13813,13627,13484,13620,13158,no,-1,-1
포천시,창수면,4165035000,4165035000,2726,2704,2649,2606,2545,2455,2409,2356,2272,2270,2275,no,-1,-1
포천시,영중면,4165036000,4165036000,6250,6149,6072,5960,5830,5613,5394,5246,5128,5125,5150,no,-1,-1
포천시,일동면,4165037000,4165037000,11579,11195,10949,10970,10888,10136,9914,9773,9805,9780,9600,no,-1,-1
포천시,이동면,4165038000,4165038000,6399,6616,6883,6752,6621,6199,6278,6395,6438,6229,5995,no,-1,-1
포천시,영북면,4165039000,4165039000,9034,9280,9528,9511,9281,8908,8716,8578,8330,8208,7905,no,-1,-1
포천시,관인면,4165040000,4165040000,3326,3236,3202,3171,3148,2995,2891,2852,2781,2677,2617,no,-1,-1
포천시,화현면,4165041000,4165041000,3283,3081,3078,3199,3053,3316,3147,3094,3045,3079,3010,no,-1,-1
포천시,포천동,4165051000,4165010100,19782,19630,19423,19609,19488,19084,18935,19277,19355,19802,19804,no,-1,-1
포천시,선단동,4165052000,4165010300,15189,15825,16142,16464,16343,16337,16635,16518,16849,17205,17041,no,-1,-1
동두천시,생연1동,4125051000,4125010300,7776,7880,7834,7670,7544,7424,7280,7258,7188,6944,6652,yes,동두천중앙,0
동두천시,생연2동,4125052000,4125010300,12695,12584,12484,12456,12162,11964,11816,11884,12058,11686,11151,yes,동두천중앙,0
동두천시,중앙동,1162061500,1162010100,6398,6176,6035,5917,5852,5729,5590,5482,5243,5045,4882,yes,낙성대,0
동두천시,보산동,4125055000,4125010500,4213,4258,4106,4214,4238,4079,4019,4015,3848,3846,3667,yes,보산,0
동두천시,불현동,4125056500,4125010200,27152,27588,28249,28456,28232,28773,28465,28003,27272,26691,25843,yes,지행,0
동두천시,송내동,4125056600,4125010100,26025,26233,26458,26853,26662,26514,26297,25873,26151,25801,25468,no,-1,-1
동두천시,소요동,4125058000,4125010700,9812,9812,9968,9980,9899,9686,9438,9497,9590,9644,9441,yes,동두천,0
동두천시,상패동,4125060000,4125011200,6159,5997,5916,5857,5677,5397,5340,5675,5510,5443,5310,no,-1,-1
가평군,가평읍,4182025000,4182025000,20010,19836,19923,19936,20022,19953,19842,19694,19662,19737,20893,no,-1,-1
가평군,설악면,4182031000,4182031000,8496,8798,9133,9483,9748,9863,9885,10060,10140,10199,10165,no,-1,-1
가평군,청평면,4182032500,4182032500,14522,14620,14755,14625,14589,14572,14335,14179,14107,14042,13687,yes,대성리,0
가평군,상면,4182033000,4182033000,5281,5332,5381,5451,5599,5612,5578,5648,5690,5709,5579,no,-1,-1
가평군,조종면,4182034500,4182034500,9785,9702,9852,9991,10021,9890,9802,9862,9759,9694,9457,no,-1,-1
가평군,북면,4182035000,4182035000,3943,4002,4041,4031,4037,4046,4020,3937,3910,3854,3707,no,-1,-1
연천군,연천읍,4180025000,4180025000,6793,6673,7208,8334,8470,8285,8103,7928,7734,7402,7906,yes,연천,0
연천군,전곡읍,4180025300,4180025300,21234,21130,20856,20389,20066,19812,19481,19620,19362,18965,18400,yes,전곡,0
연천군,군남면,4180031000,4180031000,3627,3679,3758,3688,3571,3451,3387,3264,3162,3135,3044,no,-1,-1
연천군,청산면,4180032000,4180032000,4709,4717,4665,4524,4471,4384,4346,4237,4141,4502,4517,yes,청산,0
연천군,백학면,4180033000,4180033000,2867,2879,2967,2935,2940,2908,2810,2798,2699,2700,2713,no,-1,-1
연천군,미산면,4180034000,4180034000,1758,1775,1776,1777,1788,1797,1793,1808,1776,1748,1746,no,-1,-1
연천군,왕징면,4180035000,4180035000,1155,1136,1115,1120,1109,1069,1059,1036,1015,1008,1003,no,-1,-1
연천군,신서면,4180036000,4180036000,3287,3227,3310,3139,3000,2933,2897,2798,2731,2665,2534,no,-1,-1
연천군,중면,4180037000,4180037000,258,232,240,229,215,213,206,204,196,180,166,no,-1,-1
연천군,장남면,4180038000,4180038000,682,706,722,751,777,754,757,740,737,745,739,no,-1,-1
